Departamentos,Codigo DANE - Depto,Municipio,Codigo DANE - Mpio,Agroforestal (Ha),ConservaciOn de Suelos  (Ha),Ganadera (Ha),Vocacion (0 No hay - 1 hay algo),Predios <10 cab,Predios 11 - 25 cab,Predios 26-50 cab,Predios 51-100 cab,Predios 101-250 cab,Predios 251-500 cab,Predios 501-1000 cab,Predios >1000 cab,Total predios,% predios 11-50 cab,Terneras < 12 Meses,Terneros < 12 Meses,Hembras 12 - 24 Meses,Machos 12 - 24 Meses,Hembras 24 - 36 Meses,Machos 24 - 36 Meses,Hembras > 36 Meses,Machos > 36 Meses,# Machos,% Machos,# Hembras,% Hembras,Total Bovinos - 2017,Total Area sembrada de cultivos agroindustriales (ha),Total Area sembrada de cultivos de plAtano y tubErculos,Total Area sembrada de frutas,Total Area sembrada de cultivos de cereales,"Total Area sembrada en flores, hortalizas, verduras y legumbres, plantas aromaticas y medcinales",Area total sembrada del sector agricola,# Cabezas/ Ha sembrada,Sub-regiOn estratEgica (0-1),Emisiones Sector AgrIcola (Miles de ton CO2 eq),Emisiones Sector Forestal (Miles de ton CO2 eq),Sector Pecuario (Miles de ton CO2 eq),Emisiones Sub-sector Ganadero (Miles de ton CO2 eq),Diferencia Sector pecuario - S-Sec GanaderIa (Miles de ton CO2 eq),Sub-Sec. Gan. / Agri. + Forst.x + Dif S Pec-S Gan (%),Total Emisiones Brutas (Miles de toneladas de CO2 equivalente),Total  Absorciones (Miles toneladas de CO2 equivalente),Balance Municipal (miles Ton/aNo),Absorciones / Emisiones
BOYACA,15,ALMEIDA,15022,2532,780,0,1,104,28,2,1,1,0,0,0,136,0.22,118,130,145,143,120,86,369,65,424,0.36,752,0.64,1176,195,32,120,69,33,450,2.6,0,1.3,2.9,2,0.7,1,0.14,8.95,-1.2,7.8,0.13
BOYACA,15,AQUITANIA,15047,11648,45967,988,1,521,331,81,24,3,0,0,0,960,0.43,1040,1017,1091,1629,1255,2263,2974,731,5640,0.47,6360,0.53,12000,116,782,270,23,2341,3532,3.4,0,103.8,17.9,13,7.2,5.4,0.06,172.9,-37.19,135.71,0.22
BOYACA,15,ARCABUCO,15051,6766,2977,0,1,273,178,46,15,3,1,0,0,516,0.43,819,745,871,869,1048,645,2611,237,2496,0.32,5349,0.68,7845,0,2479,2080,24,60,4644,1.7,0,26.5,6.2,7,4.9,2.3,0.14,54.81,-11.88,42.92,0.22
BOYACA,15,BELEN,15087,446,4572,0,0,470,255,50,18,2,0,0,0,795,0.38,963,674,1211,564,598,224,5154,63,1525,0.16,7926,0.84,9451,0,1766,41,246,38,2090,4.5,0,11.2,7,11,7,3.7,0.32,55.39,-4.69,50.7,0.08
BOYACA,15,BERBEO,15090,1010,48,0,1,63,60,17,2,1,0,0,0,143,0.54,152,220,251,262,285,388,679,158,1028,0.43,1367,0.57,2395,401,14,61,21,16,512,4.7,0,2.4,2.6,3,1.5,1,0.25,10.89,-1.32,9.57,0.12
BOYACA,15,BETEITIVA,15092,0.2,1996,0,0,260,94,9,2,0,0,0,0,365,0.28,371,380,376,362,192,76,1190,21,839,0.28,2129,0.72,2968,0,17,14,29,4,65,45.9,0,0.1,3.3,2,1.9,0,0.55,9.15,-0.94,8.21,0.1
BOYACA,15,BOAVITA,15097,812,3206,0,1,430,135,22,2,1,0,0,0,590,0.27,530,524,880,693,323,404,1738,308,1929,0.36,3471,0.64,5400,90,43,551,1287,649,2621,2.1,0,1.1,8.4,6,3.4,2.3,0.28,30.41,-1.32,29.09,0.04
BOYACA,15,BOYACA,15104,0,0,0,0,387,55,14,2,0,0,0,0,458,0.15,279,277,391,286,399,276,1147,103,942,0.3,2216,0.7,3158,0,1476,315,297,573,2662,1.2,0,31.4,7.6,3,2.1,1.4,0.05,52.79,-11.37,41.42,0.22
BOYACA,15,BRICENO,15106,1032,0,0,1,118,65,21,1,0,0,0,0,205,0.42,292,259,326,181,257,201,956,121,762,0.29,1831,0.71,2593,1408,18,2275,13,26,3739,0.7,0,0.3,3.8,13,1.6,11.2,0.11,21.62,-1.13,20.49,0.05
BOYACA,15,BUENAVISTA,15109,394,0,0,0,350,117,27,5,1,0,0,0,500,0.29,544,501,627,534,261,370,194,184,1589,0.49,1626,0.51,3215,793,65,4214,31,329,5433,0.6,0,5.5,13,5,1.3,3.8,0.06,32.76,-2.47,30.29,0.08
BOYACA,15,BUSBANZA,15114,0,0,0,0,53,12,2,0,0,0,0,0,67,0.21,63,56,174,52,13,21,176,0,129,0.23,426,0.77,555,0,4,0,4,1,9,63.5,0,0.3,1.2,1,0.3,0.6,0.16,4.46,-0.54,3.92,0.12
BOYACA,15,CALDAS,15131,207,0,0,0,643,209,21,6,1,0,0,0,880,0.26,803,296,1281,300,435,121,4615,2,719,0.09,7134,0.91,7853,3,501,235,571,719,2029,3.9,0,6.8,6.6,4.8,6.1,-1.4,0.51,24.79,-5.05,19.74,0.2
BOYACA,15,CAMPO HERMOSO,15135,0,0,0,0,187,183,77,22,2,1,0,0,472,0.55,830,703,874,1130,1221,1327,2555,517,3677,0.4,5480,0.6,9157,267,311,43,30,771,1423,6.4,0,2.2,10.4,11,5.6,5.2,0.32,30.28,-1.61,28.67,0.05
BOYACA,15,CERINZA,15162,0,1391,0,0,356,133,22,3,1,0,0,0,515,0.3,431,329,471,217,354,114,2367,37,697,0.16,3623,0.84,4320,0,59,106,27,50,242,17.9,0,0.9,4.3,4,3.2,1.2,0.5,17.21,-0.84,16.37,0.05
BOYACA,15,CHINAVITA,15172,914,1003,0,1,256,50,9,0,0,0,0,0,315,0.19,271,157,208,330,312,545,739,236,1268,0.45,1530,0.55,2798,742,117,129,28,295,1312,2.1,0,2.5,4.3,2,1.7,0.3,0.24,17.78,-2.13,15.66,0.12
BOYACA,15,CHIQUINQUIRA,15176,754,0,0,1,1054,477,142,48,20,1,2,0,1744,0.35,1543,384,4189,977,2719,747,13381,243,2351,0.1,21832,0.9,24183,0,623,978,77,179,1857,13,1,3.7,17.2,25,19.3,5.6,0.73,176.65,-2.63,174.02,0.01
BOYACA,15,CHIQUIZA,15232,329,4145,0,0,305,43,2,1,0,0,0,0,351,0.13,138,235,292,167,229,153,906,11,566,0.27,1565,0.73,2131,0,3387,1262,247,1933,6829,0.3,0,21.2,10.6,3,1.4,1.9,0.04,45.51,-7.84,37.68,0.17
BOYACA,15,CHISCAS,15180,1,49829,0,0,422,214,44,5,0,0,0,0,685,0.38,883,966,787,794,526,1054,2765,825,3639,0.42,4961,0.58,8600,227,240,1020,175,205,1868,4.6,0,0.9,28.8,7,5.3,2.1,0.17,45.13,-0.97,44.16,0.02
BOYACA,15,CHITA,15183,272,36412,412,0,446,154,37,3,0,0,0,0,640,0.3,594,637,747,712,593,882,1590,565,2796,0.44,3524,0.56,6320,453,767,1021,1042,604,3887,1.6,0,7.1,23,5,3.7,1.4,0.12,55.77,-3,52.77,0.05
BOYACA,15,CHITARAQUE,15185,871,9,858,1,229,62,26,5,2,0,0,0,324,0.27,201,374,591,579,445,359,1015,71,1383,0.38,2252,0.62,3635,4615,14,43,8,20,4699,0.8,0,0.5,13.5,4,2.2,2,0.14,31.06,-0.7,30.36,0.02
BOYACA,15,CHIVATA,15187,0,484,0,0,321,28,5,1,0,0,0,0,355,0.09,298,244,365,195,16,37,855,7,483,0.24,1534,0.76,2017,1,356,48,361,220,985,2,0,3.3,6.4,3,1.3,1.9,0.11,22.99,-2.28,20.71,0.1
BOYACA,15,CHIVOR,15236,1347,133,0,1,84,20,5,6,3,0,0,0,118,0.21,143,138,156,231,146,297,433,49,715,0.45,878,0.55,1593,401,46,85,26,394,951,1.7,0,0.2,8.8,2,1,1.1,0.1,15.64,-0.61,15.03,0.04
BOYACA,15,CIENEGA,15189,1319,512,0,1,348,116,5,2,0,0,0,0,471,0.26,648,727,349,396,191,213,1786,55,1391,0.32,2974,0.68,4365,22,628,303,22,178,1155,3.8,0,14.3,6.5,4,2.6,1.3,0.12,36.32,-5.48,30.84,0.15
BOYACA,15,COMBITA,15204,875,1404,0,1,636,159,24,10,3,0,0,0,832,0.22,771,776,1079,588,592,275,3315,28,1667,0.22,5757,0.78,7424,374,822,232,48,57,1533,4.8,0,11.9,23.6,8,5,3.2,0.13,73.67,-4.78,68.89,0.06
BOYACA,15,COPER,15212,745,0,0,1,190,113,37,18,2,0,0,0,360,0.42,384,470,644,770,409,823,1617,283,2346,0.43,3054,0.57,5400,1787,985,794,28,6,3599,1.5,1,2.8,6.8,6,3.4,2.6,0.28,22.84,-1.57,21.27,0.07
BOYACA,15,CORRALES,15215,0,0,0,0,61,40,8,1,0,0,0,0,110,0.44,180,167,164,99,40,27,430,47,340,0.29,814,0.71,1154,0,0,40,27,35,101,11.4,0,6.3,1.4,1,0.7,0.5,0.08,88.84,-4.24,84.6,0.05
BOYACA,15,COVARACHIA,15218,797,5586,0,0,182,41,7,0,0,0,0,0,230,0.21,180,144,138,135,177,105,421,160,544,0.37,916,0.63,1460,1251,102,452,902,118,2824,0.5,0,3.6,4.5,2,0.9,1.4,0.09,14.84,-1.73,13.11,0.12
BOYACA,15,CUBARA,15223,0,7687,77,0,85,99,80,37,9,0,0,0,310,0.58,978,1096,1029,1179,1007,1283,2871,358,3916,0.4,5885,0.6,9801,133,112,88,25,9,367,26.7,0,0.7,321.9,10,5.8,4.6,0.02,347.5,-0.98,346.52,0
BOYACA,15,CUCAITA,15224,0,1508,0,0,69,9,2,1,0,0,0,0,81,0.14,76,44,94,151,114,109,285,20,324,0.36,569,0.64,893,422,735,67,255,2630,4108,0.2,0,19,5.1,1,0.6,0.6,0.02,38.62,-6.99,31.63,0.18
BOYACA,15,CUITIVA,15226,0,623,162,1,145,59,15,2,0,0,0,0,221,0.33,208,227,324,253,140,159,733,6,645,0.31,1405,0.69,2050,0,352,0,12,825,1190,1.7,0,7.7,3.4,2,1.3,0.5,0.11,16.65,-3.13,13.52,0.19
BOYACA,15,DUITAMA,15238,2120,9969,0,1,583,151,75,30,11,0,0,0,850,0.27,1228,770,1627,851,1099,500,4680,144,2265,0.21,8634,0.79,10899,30,219,476,226,2274,3225,3.4,0,2.3,19.6,13,7.4,5.3,0.27,472.15,-10.17,461.98,0.02
BOYACA,15,EL COCUY,15244,487,16319,0,1,293,220,44,7,1,0,0,0,565,0.47,802,744,676,823,585,1178,1973,520,3265,0.45,4036,0.55,7301,0,1196,330,1116,1279,3921,1.9,0,5,4.9,6,4.3,2,0.36,28.89,-2.49,26.41,0.09
BOYACA,15,EL ESPINO,15248,52,2044,0,0,159,91,33,5,3,0,0,0,291,0.43,460,454,444,451,296,406,1369,420,1731,0.4,2569,0.6,4300,5,14,8,29,20,75,57.5,0,1.8,5.2,5,2.7,2,0.29,20.17,-1.18,18.99,0.06
BOYACA,15,FIRAVITOBA,15272,0,554,0,0,483,148,34,19,5,1,0,0,690,0.26,753,520,1006,516,476,316,4363,148,1500,0.19,6598,0.81,8098,88,256,36,139,296,815,9.9,0,7.1,7,9,6.1,2.7,0.36,41.14,-4.24,36.9,0.1
BOYACA,15,FLORESTA,15276,0,607,0,0,254,76,17,6,2,0,0,0,355,0.26,436,392,603,293,325,70,1685,26,781,0.2,3049,0.8,3830,0,21,52,33,118,223,17.1,0,0.7,5.2,5,2.5,2.1,0.31,20.59,-1.97,18.61,0.1
BOYACA,15,GACHANTIVA,15293,3220,1412,0,1,238,80,14,5,0,0,0,0,337,0.28,305,397,496,453,570,438,1087,124,1412,0.36,2458,0.64,3870,169,101,739,35,12,1057,3.7,0,0.9,8.4,4,2.3,1.3,0.22,22.22,-0.84,21.38,0.04
BOYACA,15,GAMEZA,15296,33,7720,53,1,236,152,20,2,0,0,0,0,410,0.42,546,788,386,429,109,167,2101,23,1407,0.31,3142,0.69,4549,0,549,79,707,589,1924,2.4,0,8.2,6.3,2.7,2.9,-0.1,0.2,30.88,-11.67,19.21,0.38
BOYACA,15,GARAGOA,15299,1113,929,0,1,697,170,31,4,0,0,0,0,902,0.22,911,1002,1031,1097,1019,1394,2962,561,4054,0.41,5923,0.59,9977,982,119,148,449,317,2015,5,0,4.3,6.9,8,6.1,2.2,0.46,56.01,-8.71,47.3,0.16
BOYACA,15,GUACAMAYAS,15317,1149,1144,0,1,154,52,10,3,1,0,0,0,220,0.28,307,308,248,273,196,271,875,142,994,0.38,1626,0.62,2620,78,8,53,64,44,247,10.6,0,0.3,2.3,3,1.6,1.4,0.39,9.19,-0.87,8.32,0.09
BOYACA,15,GUATEQUE,15322,24,211,0,0,262,25,4,0,0,0,0,0,291,0.1,146,187,223,168,228,204,343,82,641,0.41,940,0.59,1581,235,15,14,71,165,500,3.2,0,12.4,5,4,0.9,2.9,0.04,48.19,-4.8,43.39,0.1
BOYACA,15,GUAYATA,15325,635,378,0,0,470,57,4,6,0,0,0,0,537,0.11,286,230,233,203,283,695,1068,345,1473,0.44,1870,0.56,3343,221,9,20,160,78,488,6.9,1,3.4,7.9,3,2.2,0.9,0.18,25.95,-1.66,24.29,0.06
BOYACA,15,GÜICAN,15332,0.2,68136,0,0,220,122,26,3,0,0,0,0,371,0.4,632,653,635,637,467,598,1590,88,1976,0.37,3324,0.63,5300,0,208,112,180,30,530,10,0,1.7,10.3,4,3.1,1.4,0.23,27.65,-1.13,26.53,0.04
BOYACA,15,IZA,15362,0,1530,0,0,83,54,9,7,2,0,0,0,155,0.41,275,101,272,53,214,38,1526,31,223,0.09,2287,0.91,2510,0,9,30,1,3,43,57.9,0,0.9,2.3,3,2,0.7,0.5,13.09,-1.23,11.86,0.09
BOYACA,15,JENESANO,15367,23,0,0,0,437,54,9,4,0,0,0,0,504,0.13,506,411,469,340,313,228,1386,82,1061,0.28,2674,0.72,3735,54,753,1497,142,112,2558,1.5,0,5.2,10.3,3,2.3,0.9,0.14,31.75,-2.54,29.21,0.08
BOYACA,15,JERICO,15368,591,7641,0,1,230,47,3,0,0,0,0,0,280,0.18,233,303,442,509,667,329,130,31,1172,0.44,1472,0.56,2644,351,211,382,250,732,1927,1.4,0,6,6.5,17,1.3,15.6,0.04,38.38,-3,35.38,0.08
BOYACA,15,LABRANZAGRANDE,15377,0,4958,395,1,17,76,68,36,16,2,0,0,215,0.67,619,450,705,677,1212,2411,2829,987,4525,0.46,5365,0.54,9890,2153,752,102,143,55,3205,3.1,0,0.3,14.1,10,6.5,3.9,0.36,32.99,-0.84,32.15,0.03
BOYACA,15,LA CAPILLA,15380,0,475,0,0,171,75,7,2,0,0,0,0,255,0.32,150,231,246,311,322,432,488,166,1140,0.49,1206,0.51,2346,7,0,16,22,104,149,15.8,0,4.2,3.1,3,1.4,1.2,0.16,16.66,-1.94,14.72,0.12
BOYACA,15,LA UVITA,15403,1791,8191,0,1,216,109,34,1,0,0,0,0,360,0.4,354,380,456,383,481,603,1179,380,1746,0.41,2470,0.59,4216,81,226,164,119,139,730,5.8,0,1.1,3.1,5,2.6,2.3,0.4,17.25,-2.17,15.08,0.13
BOYACA,15,LA VICTORIA,15401,0,0,0,0,54,43,23,7,0,0,0,0,127,0.52,20,126,185,570,169,741,339,39,1476,0.67,713,0.33,2189,342,358,85,27,22,835,2.6,0,0.1,1.5,0.2,1.3,-1.1,2.6,4.85,-0.44,4.4,0.09
BOYACA,15,MACANAL,15425,0,816,0,0,368,119,29,8,1,0,0,0,525,0.28,481,532,597,644,549,673,1503,273,2122,0.4,3130,0.6,5252,290,331,428,157,633,1839,2.9,0,5.7,12.3,5,3.2,1.9,0.16,31.69,-2.77,28.91,0.09
BOYACA,15,MARIPI,15442,645,0,0,0,177,74,21,15,2,1,0,0,290,0.33,337,236,470,343,300,635,1520,145,1359,0.34,2627,0.66,3986,1517,925,1547,9,150,4148,1,0,2.8,12,4,2.7,1.1,0.17,45.75,-1.5,44.24,0.03
BOYACA,15,MIRAFLORES,15455,1655,1349,0,1,571,239,59,14,4,0,0,0,887,0.34,902,1125,881,966,1605,1597,3552,1171,4859,0.41,6940,0.59,11799,1876,160,778,16,60,2889,4.1,0,3.3,7.8,12,7.4,4.8,0.47,44.73,-2.06,42.67,0.05
BOYACA,15,MONGUA,15464,214,14641,0,1,263,167,38,12,0,0,0,0,480,0.43,638,740,309,392,420,553,3192,146,1831,0.29,4559,0.71,6390,60,198,39,11,165,473,13.5,0,3,5.8,3.2,4.5,-1.2,0.59,34.21,-3.25,30.95,0.1
BOYACA,15,MONGUI,15466,976,4253,0,1,164,54,6,1,0,0,0,0,225,0.27,244,278,224,164,349,83,484,4,529,0.29,1301,0.71,1830,0,165,267,92,678,1202,1.5,0,2.4,4,2,1,0.9,0.14,23.35,-1.97,21.39,0.08
BOYACA,15,MONIQUIRA,15469,5406,0,0,1,387,165,80,35,8,0,0,0,675,0.36,903,1053,1906,1917,993,768,3515,402,4140,0.36,7317,0.64,11457,7052,289,595,1216,30,9182,1.2,0,15.4,25.2,14,7.2,7.1,0.15,104.92,-6.18,98.74,0.06
BOYACA,15,MOTAVITA,15476,934,1426,0,1,481,95,12,2,1,0,0,0,591,0.18,629,617,469,362,197,186,1979,28,1193,0.27,3274,0.73,4467,0,1552,420,476,597,3045,1.5,0,8.4,12.4,4,2.8,1.3,0.13,37.52,-3.45,34.07,0.09
BOYACA,15,MUZO,15480,2,0,90,0,68,57,50,12,11,3,0,0,201,0.53,439,402,983,1186,447,109,1879,224,1921,0.34,3748,0.66,5669,185,7,3,0,2,196,29,0,2.9,7.2,8,3.7,4.6,0.25,36.53,-1.67,34.86,0.05
BOYACA,15,NOBSA,15491,0,213,556,1,102,19,3,3,1,0,0,0,128,0.17,119,79,274,102,61,14,625,0,195,0.15,1079,0.85,1274,28,128,476,470,1300,2402,0.5,0,3.8,17.8,2,0.9,1.3,0.04,750.58,-50.57,700.01,0.07
BOYACA,15,NUEVO COLON,15494,0,0,0,0,217,33,9,3,0,0,0,0,262,0.16,174,177,309,192,178,212,605,20,601,0.32,1266,0.68,1867,0,564,2198,73,102,2938,0.6,0,2.6,9.4,2,1.2,0.6,0.09,25.03,-1.5,23.53,0.06
BOYACA,15,OICATA,15500,0,891,0,0,250,45,18,6,1,2,0,0,322,0.2,477,134,738,469,280,105,1945,61,769,0.18,3440,0.82,4209,122,350,240,169,726,1606,2.6,0,13.4,4.7,5,3,1.7,0.15,31.69,-9.45,22.24,0.3
BOYACA,15,OTANCHE,15507,0,0,0,0,173,200,112,45,8,1,0,0,539,0.58,592,768,1339,1431,1426,2679,3067,856,5734,0.47,6424,0.53,12158,4800,3011,815,388,1547,10562,1.2,0,4.4,13.1,13,7.7,5.2,0.34,48.64,-2.33,46.3,0.05
BOYACA,15,PACHAVITA,15511,0,103,0,0,339,50,5,1,0,0,0,0,395,0.14,140,232,389,350,380,373,998,233,1188,0.38,1907,0.62,3095,689,39,131,52,109,1020,3,0,3.1,4.1,3,2.1,1,0.25,19.93,-1.57,18.36,0.08
BOYACA,15,PAEZ,15514,70,21,0,0,165,225,109,33,6,1,0,0,539,0.62,1198,1193,1221,1479,1918,1796,3711,840,5308,0.4,8048,0.6,13356,2729,1797,571,90,231,5419,2.5,0,2.4,3.7,14,8.2,5.8,0.69,26.48,-1.66,24.82,0.06
BOYACA,15,PAIPA,15516,1875,4466,0,1,1257,354,66,29,12,2,0,0,1720,0.24,2043,1781,2466,1531,1625,688,7733,233,4233,0.23,13867,0.77,18100,102,262,268,64,338,1034,17.5,0,11.2,21.5,22,12,9.6,0.28,229.08,-17.55,211.53,0.08
BOYACA,15,PAJARITO,15518,0,1512,0,0,17,61,50,39,9,0,0,0,176,0.63,404,372,528,685,728,1620,1407,817,3494,0.53,3067,0.47,6561,122,142,143,76,358,841,7.8,0,0.3,5.4,9,4.1,4.9,0.38,19.34,-0.8,18.54,0.04
BOYACA,15,PANQUEBA,15522,0,582,0,0,147,92,19,2,0,0,0,0,260,0.43,355,341,425,487,353,370,674,160,1358,0.43,1807,0.57,3165,8,11,5,148,205,377,8.4,0,3.8,1.7,4,1.8,2.2,0.23,13.05,-1.85,11.19,0.14
BOYACA,15,PAUNA,15531,1811,17,1,1,278,108,60,13,6,0,0,0,465,0.36,585,483,819,544,116,983,2335,341,2351,0.38,3855,0.62,6206,1151,268,1621,160,84,3284,1.9,0,12.9,14.6,8,4.1,3.7,0.13,52.85,-5.4,47.45,0.1
BOYACA,15,PAYA,15533,11,0,353,0,48,41,21,7,3,0,0,0,120,0.52,274,234,302,375,433,594,1104,234,1437,0.4,2113,0.6,3550,3159,982,376,271,212,5000,0.7,0,0.8,5.2,3,2.3,0.3,0.37,12.45,-0.75,11.7,0.06
BOYACA,15,PAZ DE RIO,15537,55,5095,0,0,182,48,0,0,0,0,0,0,230,0.21,169,186,241,276,181,129,531,67,658,0.37,1122,0.63,1780,5,9,4,30,22,70,25.5,0,0.2,3.4,2,1.1,1.1,0.23,17.8,-0.54,17.26,0.03
BOYACA,15,PESCA,15542,3214,10438,0,1,469,300,65,3,2,1,0,0,840,0.43,737,904,1268,777,503,549,4825,137,2367,0.24,7333,0.76,9700,236,185,959,173,370,1923,5,0,5.6,12.8,6,7,-1,0.4,39.85,-7.67,32.18,0.19
BOYACA,15,PISBA,15550,703,1265,0,1,54,56,19,5,1,0,0,0,135,0.56,209,250,279,188,449,286,727,222,946,0.36,1664,0.64,2610,554,262,13,96,14,940,2.8,0,0.6,1.8,3,1.6,1.3,0.43,7.71,-0.7,7,0.09
BOYACA,15,PUERTO BOYACA,15572,3704,0,10972,1,60,97,124,151,184,117,45,12,790,0.28,8516,10009,16178,24112,12552,35369,30213,2542,72032,0.52,67459,0.48,139491,398,1474,1424,800,1491,5587,25,1,9,42.7,151,83.5,67,0.7,2037.02,-45.98,1991.03,0.02
BOYACA,15,QUIPAMA,15580,99,0,0,0,101,91,40,13,6,0,0,0,251,0.52,187,224,590,1086,676,1118,1446,185,2613,0.47,2899,0.53,5512,3063,1252,367,244,91,5017,1.1,1,1.9,11.8,6,3.6,2.6,0.22,55.69,-1.25,54.43,0.02
BOYACA,15,RAMIRIQUI,15599,2793,797,0,1,428,106,27,5,1,0,0,0,567,0.23,600,737,694,562,507,435,2187,271,2005,0.33,3988,0.67,5993,96,385,403,107,103,1093,5.5,0,2.8,9.7,6,3.8,1.9,0.26,41.33,-2.37,38.96,0.06
BOYACA,15,RAQUIRA,15600,82,9261,293,0,247,53,12,6,2,1,0,0,321,0.2,501,253,645,289,360,167,1553,80,789,0.21,3059,0.79,3848,906,962,120,651,346,2986,1.3,1,1.6,20.3,4,2.5,1.2,0.11,83.98,-8.62,75.35,0.1
BOYACA,15,RONDON,15621,1819,316,0,1,73,82,30,6,1,0,0,0,192,0.58,246,471,297,335,399,575,746,51,1432,0.46,1688,0.54,3120,235,24,525,0,12,797,3.9,0,1.5,4.2,3,1.7,0.9,0.26,16.8,-1,15.8,0.06
BOYACA,15,SABOYA,15632,1156,89,0,0,1564,474,84,30,6,0,0,0,2158,0.26,1819,1123,2816,1464,1844,841,10907,186,3614,0.17,17386,0.83,21000,0,2153,9832,2001,1213,15199,1.4,0,34.4,22.7,17,15.7,1.7,0.27,96.97,-13.61,83.35,0.14
BOYACA,15,SACHICA,15638,0,4660,0,0,74,1,0,0,0,0,0,0,75,0.01,31,73,80,116,34,42,25,7,238,0.58,170,0.42,408,0,11,24,9,243,287,1.4,0,24.6,3.6,1,0.2,0.4,0.01,37.37,-8.93,28.44,0.24
BOYACA,15,SAMACA,15646,1163,7194,0,1,435,82,19,17,5,0,0,0,558,0.18,409,376,297,300,517,625,2210,631,1932,0.36,3433,0.64,5365,219,1334,32,259,452,2295,2.3,1,124.9,25,6,3.8,2.3,0.02,245.18,-72.39,172.78,0.3
BOYACA,15,SAN EDUARDO,15660,1359,198,0,1,177,93,27,5,0,0,0,0,302,0.4,293,407,413,375,446,624,1120,351,1757,0.44,2272,0.56,4029,510,184,241,33,472,1440,2.8,0,1.4,1.9,4,2.5,1.8,0.49,12.4,-1.01,11.39,0.08
BOYACA,15,SAN JOSE DE PARE,15664,0,0,0,0,104,31,10,2,0,0,0,0,147,0.28,51,172,214,246,242,127,369,34,579,0.4,876,0.6,1455,5797,13,142,287,4,6244,0.2,0,3,10.1,2,0.9,1.4,0.06,25.88,-1.51,24.37,0.06
BOYACA,15,SAN LUIS DE GACENO,15667,22068,19,308,1,96,194,194,125,58,2,0,0,669,0.58,1314,3671,3471,7393,9637,2806,4968,1063,14933,0.44,19390,0.56,34323,446,1612,254,419,213,2944,11.7,1,5.3,7.8,35,19.1,16.1,0.66,60.06,-3.34,56.72,0.06
BOYACA,15,SAN MATEO,15673,1374,2369,0,1,339,53,5,2,1,0,0,0,400,0.15,495,364,614,656,775,429,682,85,1534,0.37,2566,0.63,4100,137,4,160,191,22,513,8,0,1.8,4.5,3,2.2,1.3,0.28,22.88,-1.15,21.73,0.05
BOYACA,15,SAN MIGUEL DE SEMA,15676,0,0,2748,1,431,194,63,51,24,5,2,0,770,0.33,2062,244,2755,581,1886,367,10265,20,1212,0.07,16968,0.93,18180,0,103,430,324,483,1341,13.6,1,6.3,8.3,11.5,14.1,-2.6,1.18,34.63,-3.74,30.88,0.11
BOYACA,15,SAN PABLO DE BORBUR,15681,0,0,90,0,159,106,45,22,5,0,0,0,337,0.45,512,542,804,736,820,825,1555,158,2261,0.38,3691,0.62,5952,3970,1620,1128,371,297,7385,0.8,0,4.1,16.8,7,3.6,3.2,0.15,65.41,-2.03,63.38,0.03
BOYACA,15,SANTA-MARIA,15690,2928,0,0,1,125,167,68,20,5,2,0,0,387,0.61,892,957,930,929,1479,1496,2972,788,4170,0.4,6273,0.6,10443,2735,2456,741,458,22,6411,1.6,0,0.9,8,7,6.4,0.9,0.66,262.62,-0.96,261.67,0
BOYACA,15,SANTANA,15686,0,0,0,0,111,27,7,4,1,0,0,0,150,0.23,135,198,182,309,92,163,544,55,725,0.43,953,0.57,1678,5470,24,24,0,8,5526,0.3,0,,69.8,2,1,1.3,0.01,87.4,-0.48,86.92,0.01
BOYACA,15,SANTA ROSA DE VITERBO,15693,0,4265,935,1,520,166,40,16,3,0,0,0,745,0.28,761,498,1171,487,575,187,4151,50,1222,0.16,6658,0.84,7880,0,141,55,38,199,434,18.2,0,3.5,11.6,9,5.8,3.5,0.31,53.64,-3.34,50.3,0.06
BOYACA,15,SANTA SOFIA,15696,160,740,0,0,141,40,13,3,0,0,0,0,197,0.27,166,230,295,302,390,401,837,243,1176,0.41,1688,0.59,2864,92,109,319,28,111,659,4.3,0,6.3,6.7,3,1.8,1.5,0.13,28.9,-2.76,26.14,0.1
BOYACA,15,SATIVANORTE,15720,1268,7825,184,0,241,49,4,0,0,1,0,0,295,0.18,285,405,221,236,186,225,903,49,915,0.36,1595,0.64,2510,72,97,10,227,26,432,5.8,0,1.8,3.5,3,1.5,1.5,0.22,16.56,-1.11,15.45,0.07
BOYACA,15,SATIVASUR,15723,0,3964,59,0,123,28,1,0,0,0,0,0,152,0.19,47,280,209,170,32,93,477,13,556,0.42,765,0.58,1321,0,22,12,27,6,67,19.7,0,0,1.6,2,0.8,0.9,0.31,8.08,-0.7,7.37,0.09
BOYACA,15,SIACHOQUE,15740,1179,5743,0,1,757,118,18,3,0,0,0,0,896,0.15,596,912,860,561,379,281,2755,11,1765,0.28,4590,0.72,6355,30,3817,110,1635,919,6512,1,0,43.4,13.4,5,4.1,1,0.07,78.79,-15.55,63.24,0.2
BOYACA,15,SOATA,15753,0,2666,0,0,376,65,5,4,0,0,0,0,450,0.16,438,329,381,380,263,206,913,209,1124,0.36,1995,0.64,3119,115,33,156,38,81,423,7.4,0,1.4,4.5,4,1.8,1.8,0.24,25.57,-1.01,24.55,0.04
BOYACA,15,SOCHA,15757,1307,8452,0,1,234,81,19,0,1,0,0,0,335,0.3,274,395,357,361,242,246,1348,47,1049,0.32,2221,0.68,3270,1385,71,71,270,410,2207,1.5,0,1.5,7,3,2.2,0.7,0.23,46.81,-28.12,18.7,0.6
BOYACA,15,SOCOTA,15755,2338,32281,131,1,556,159,22,3,0,0,0,0,740,0.24,608,780,675,1128,205,599,2183,337,2844,0.44,3671,0.56,6515,1266,249,812,374,1824,4526,1.4,0,5.1,14.4,5,4,0.5,0.2,52.63,-7.74,44.88,0.15
BOYACA,15,SOGAMOSO,15759,549,7998,301,1,853,143,24,17,2,1,0,0,1040,0.16,722,982,1309,1443,690,864,3458,587,3876,0.39,6179,0.61,10055,66,729,478,345,660,2277,4.4,0,11.9,29.2,8,6.5,1.4,0.15,885.08,-13.2,871.88,0.01
BOYACA,15,SOMONDOCO,15761,1011,711,0,1,196,48,8,2,2,0,0,0,256,0.22,187,285,293,212,192,332,748,102,931,0.4,1420,0.6,2351,400,78,3,205,20,707,3.3,0,0.7,6.3,4,1.4,2.1,0.16,22.08,-0.92,21.16,0.04
BOYACA,15,SORA,15762,733,2934,0,1,305,32,3,0,0,0,0,0,340,0.1,181,162,119,149,113,65,510,2,378,0.29,923,0.71,1301,27,234,252,169,2070,2753,0.5,0,4.4,4.6,1,0.8,0.4,0.09,15.21,-1.95,13.26,0.13
BOYACA,15,SORACA,15764,0,9,0,0,730,103,21,3,1,0,0,0,858,0.14,543,589,825,633,488,320,2340,77,1619,0.28,4196,0.72,5815,399,1991,178,1262,387,4217,1.4,0,26.1,8.6,5,3.8,1.1,0.11,51.94,-10.49,41.45,0.2
BOYACA,15,SOTAQUIRA,15763,1047,6324,157,1,583,203,76,40,21,1,1,0,925,0.3,1932,747,2234,677,1317,300,8172,121,1845,0.12,13655,0.88,15500,0,409,433,80,94,1015,15.3,0,8,14,19,11.3,8.1,0.38,61.15,-6.51,54.64,0.11
BOYACA,15,SUSACON,15774,0.4,6204,33,0,216,109,15,5,0,0,0,0,345,0.36,370,487,359,462,357,466,1323,246,1661,0.41,2409,0.59,4070,410,61,138,332,1526,2468,1.6,0,3.6,4.2,4,2.5,1.9,0.26,17.92,-1.78,16.14,0.1
BOYACA,15,SUTAMARCHAN,15776,0,2883,0,0,401,41,9,0,0,0,0,0,451,0.11,289,329,359,313,276,227,1108,100,969,0.32,2032,0.68,3001,519,33,763,7,63,1385,2.2,0,28.8,8.8,4,1.9,2.2,0.05,57.64,-11.01,46.64,0.19
BOYACA,15,SUTATENZA,15778,0,728,0,0,340,22,3,1,0,0,0,0,366,0.07,191,233,322,182,118,109,482,58,582,0.34,1113,0.66,1695,356,155,253,564,411,1740,1,0,5,6.2,4,1,2.7,0.07,24.28,-2.24,22.04,0.09
BOYACA,15,TASCO,15790,787,11805,57,1,286,111,20,7,1,0,0,0,425,0.31,433,627,383,374,294,377,1922,140,1518,0.33,3032,0.67,4550,7,136,62,543,6826,7574,0.6,0,3,8.9,4,3,1.5,0.22,42.7,-3.37,39.33,0.08
BOYACA,15,TENZA,15798,0,0,0,0,332,90,8,1,0,0,0,0,431,0.23,267,315,386,434,201,446,1039,127,1322,0.41,1893,0.59,3215,363,33,60,376,144,975,3.3,0,15.2,5.5,6,2,3.7,0.08,54.68,-5.89,48.79,0.11
BOYACA,15,TIBANA,15804,786,0,0,1,667,72,22,3,0,0,0,0,764,0.12,584,587,524,446,616,510,1790,311,1854,0.35,3514,0.65,5368,368,446,1913,440,350,3518,1.5,0,2,14.1,5,3.3,1.5,0.19,36.33,-1.39,34.94,0.04
BOYACA,15,TIBASOSA,15806,0,668,2181,1,389,98,25,19,5,0,0,0,536,0.23,653,619,927,382,354,182,2909,94,1277,0.21,4843,0.79,6120,0,235,416,48,476,1176,5.2,0,54.5,16.3,9,4.2,5,0.06,395.14,-24.65,370.5,0.06
BOYACA,15,TINJACA,15808,0,2105,0,0,367,50,4,0,0,0,0,0,421,0.13,387,331,279,171,182,68,1055,7,577,0.23,1903,0.77,2480,7,54,113,9,64,247,10,0,4,6,3,1.5,1.6,0.13,20.07,-2.07,18,0.1
BOYACA,15,TIPACOQUE,15810,0,2195,0,0,353,65,10,0,0,0,0,0,428,0.18,340,344,219,188,446,259,1169,260,1051,0.33,2174,0.67,3225,263,2,109,314,59,747,4.3,0,1.3,4.5,3,2.1,0.8,0.31,14.86,-0.95,13.92,0.06
BOYACA,15,TOCA,15814,644,5300,0,1,617,171,28,12,2,1,0,0,831,0.24,959,755,1204,603,545,459,3950,223,2040,0.23,6658,0.77,8698,2674,974,68,658,285,4659,1.9,0,28.8,12.1,9,6,3.5,0.13,69.45,-10.63,58.82,0.15
BOYACA,15,TOGÜI,15816,2093,0,0,1,93,38,14,5,2,0,0,0,152,0.34,449,359,400,145,149,47,838,98,649,0.26,1836,0.74,2485,2458,34,242,15,2,2751,0.9,0,6.4,11,2,1.4,0.7,0.08,28.06,-2.67,25.39,0.1
BOYACA,15,TOPAGA,15820,0,609,0,0,125,16,4,0,0,0,0,0,145,0.14,218,212,153,80,65,13,506,13,318,0.25,942,0.75,1260,0,0,16,5,313,334,3.8,0,1.3,4.2,1,0.7,0.5,0.12,23.25,-16.87,6.37,0.73
BOYACA,15,TOTA,15822,3351,10623,231,1,593,156,14,1,1,0,0,0,765,0.22,597,763,649,529,549,228,2399,66,1586,0.27,4194,0.73,5780,0,396,199,17,422,1033,5.6,0,6.7,9.5,4,3.7,0.4,0.22,30.48,-3.12,27.37,0.1
BOYACA,15,TUNJA,15001,0,1615,0,0,475,116,29,16,5,0,0,0,641,0.23,502,520,919,1042,536,594,1985,266,2422,0.38,3942,0.62,6364,0,2341,117,244,120,2823,2.3,0,110.8,13.9,7,4,3,0.03,564.86,-38.98,525.88,0.07
BOYACA,15,TUNUNGUA,15832,0,1,0,0,57,15,9,1,0,0,0,0,82,0.29,53,46,24,26,97,86,256,100,258,0.38,430,0.63,688,134,13,543,5,5,700,1,0,1.4,2.6,1,0.5,0.5,0.11,9.1,-0.91,8.19,0.1
BOYACA,15,TURMEQUE,15835,739,717,0,1,333,140,18,8,0,0,0,0,499,0.32,314,535,579,397,441,218,1705,67,1217,0.29,3039,0.71,4256,0,371,2236,349,800,3756,1.1,0,2.9,7.5,5,2.8,2,0.22,28.01,-2.13,25.88,0.08
BOYACA,15,TUTA,15837,0,4198,0,0,806,351,74,34,3,1,0,0,1269,0.33,1571,970,1987,738,2191,855,6883,260,2823,0.18,12632,0.82,15455,133,283,2165,101,247,2930,5.3,0,2.5,12.5,17,10.8,6.3,0.51,262.37,-18.02,244.35,0.07
BOYACA,15,TUTAZA,15839,2925,1998,0,1,175,98,20,2,0,0,0,0,295,0.4,431,558,459,428,207,103,1619,30,1119,0.29,2716,0.71,3835,436,2792,494,238,2378,6338,0.6,0,16,3.2,5,2.4,2.3,0.11,28.64,-6.07,22.57,0.21
BOYACA,15,UMBITA,15842,452,2174,0,1,572,173,19,2,0,0,0,0,766,0.25,913,964,870,577,433,326,2414,102,1969,0.3,4630,0.7,6599,113,694,1719,269,139,2933,2.2,0,7.3,15.9,7,3.9,3.3,0.15,49.62,-3.16,46.47,0.06
BOYACA,15,VENTAQUEMADA,15861,1736,1773,0,1,1123,260,53,14,5,0,0,0,1455,0.22,1709,1340,1522,995,1303,795,5288,412,3542,0.27,9822,0.73,13364,0,7544,979,316,1602,10441,1.3,1,65.2,25.4,12,8.5,3.6,0.09,140.27,-23.3,116.96,0.17
BOYACA,15,VILL DE LEYVA,15407,1196,4778,0,1,233,88,25,2,1,0,0,0,349,0.32,402,410,471,621,418,407,717,82,1520,0.43,2008,0.57,3528,141,22,27,10,44,244,14.5,0,58.7,11.9,5,1.9,2.7,0.03,118.21,-20.94,97.27,0.18
BOYACA,15,VIRACACHA,15879,999,1219,0,1,430,119,15,2,0,0,0,0,566,0.24,734,728,458,458,206,199,1936,25,1410,0.3,3334,0.7,4744,0,2557,1096,1408,85,5146,0.9,0,7,5.3,4,2.8,0.8,0.22,22.4,-2.94,19.46,0.13
BOYACA,15,ZETAQUIRA,15897,2246,1829,0,1,236,144,26,12,1,0,0,0,419,0.41,467,669,439,603,717,738,1494,318,2328,0.43,3117,0.57,5445,2129,26,158,14,10,2338,2.3,0,4.2,6.6,4,3.2,1.1,0.27,25.06,-2,23.06,0.08
CUNDINAMARCA,25,AGUA DE DIOS,25001,2721,0,0,1,79,62,29,15,10,2,0,0,197,0.46,577,518,765,431,106,551,1727,203,1703,0.35,3175,0.65,4878,118,85,29,125,8,366,13.3,0,1,5.2,8,3,5.1,0.27,37.12,-2.04,35.08,0.05
CUNDINAMARCA,25,ALBAN,25019,1257,0,0,1,136,43,25,11,3,1,0,0,219,0.31,410,355,436,347,386,341,1499,137,1180,0.3,2731,0.7,3911,356,294,392,515,657,2214,1.8,0,5,8.5,12,2.5,9.4,0.11,45,-5.81,39.19,0.13
CUNDINAMARCA,25,ANAPOIMA,25035,6481,0,0,1,139,39,20,10,4,0,0,0,212,0.28,198,331,283,391,263,518,814,313,1553,0.5,1558,0.5,3111,486,50,977,1278,228,3018,1,0,2.2,14.4,7,1.9,5.2,0.09,46.35,-2.78,43.58,0.06
CUNDINAMARCA,25,ANOLAIMA,25040,3248,0,0,1,259,71,51,23,8,1,0,0,413,0.3,724,571,864,916,729,931,1698,259,2677,0.4,4015,0.6,6692,954,118,621,196,264,2153,3.1,0,9.6,20.3,9,3.9,5.1,0.11,56.71,-7.08,49.62,0.12
CUNDINAMARCA,25,APULO,25599,2566,0,0,1,95,39,15,8,3,1,0,0,161,0.34,256,229,334,482,356,302,700,146,1159,0.41,1646,0.59,2805,94,11,461,182,3,752,3.7,0,3.2,9.4,5,1.7,3.2,0.11,28.48,-3.28,25.2,0.12
CUNDINAMARCA,25,BELTRAN,25086,7606,0,0,1,32,19,18,6,4,3,0,0,82,0.45,168,174,256,411,308,592,589,205,1382,0.51,1321,0.49,2703,116,2,253,448,13,831,3.3,0,2.8,4.9,6,1.7,4.2,0.14,16.71,-3.09,13.62,0.18
CUNDINAMARCA,25,BITUIMA,25095,1187,0,0,1,163,52,9,3,0,0,0,0,227,0.27,153,229,213,146,346,312,672,232,919,0.4,1384,0.6,2303,702,280,583,67,66,1698,1.4,0,3.5,4.4,4,1.5,2.4,0.14,16.41,-3.45,12.96,0.21
CUNDINAMARCA,25,BOJACA,25099,507,0,0,1,141,43,31,14,7,3,0,0,239,0.31,727,367,860,537,587,356,2270,233,1493,0.25,4444,0.75,5937,2,14492,43,260,324,15121,0.4,0,43.5,5.5,13,3.9,9.2,0.07,79.64,-26.98,52.66,0.34
CUNDINAMARCA,25,CABRERA,25120,12781,9079,0,1,143,91,43,17,3,0,0,0,297,0.45,747,752,520,721,687,1085,1715,341,2899,0.44,3669,0.56,6568,26,117,97,1098,293,1630,4,1,45,7.3,8,3.8,4.6,0.07,67.65,-27.89,39.76,0.41
CUNDINAMARCA,25,CACHIPAY,25123,3428,0,0,1,181,16,15,6,3,0,0,0,221,0.14,196,201,405,296,173,198,751,35,730,0.32,1525,0.68,2255,803,64,628,102,540,2138,1.1,0,5,14.2,6,1.4,5,0.06,40.34,-4.38,35.96,0.11
CUNDINAMARCA,25,CAJICA,25126,109,0,0,1,171,36,17,6,1,0,1,0,232,0.23,512,120,465,126,349,66,1404,17,329,0.11,2730,0.89,3059,0,14,20,20,137,191,16,0,1.2,40.7,9,2.1,6.9,0.04,302.81,-2.31,300.49,0.01
CUNDINAMARCA,25,CAPARRAPI,25148,21345,0,0,1,111,209,205,107,49,6,2,0,689,0.6,2737,3254,4709,5974,2981,2063,9359,610,11901,0.38,19786,0.62,31687,7462,367,391,1327,244,9791,3.2,0,8.7,27.3,36,19.3,17.2,0.36,103.94,-9.22,94.72,0.09
CUNDINAMARCA,25,CAQUEZA,25151,788,0,0,1,777,86,11,3,0,0,0,0,877,0.11,466,613,690,617,482,516,1581,216,1962,0.38,3219,0.62,5181,85,318,58,417,231,1108,4.7,0,109.3,19.5,12,3.1,9.3,0.02,167.98,-65.47,102.51,0.39
CUNDINAMARCA,25,CARMEN DE ARUPA,25154,4356,4944,0,1,1575,261,47,6,1,0,0,0,1890,0.16,731,634,2072,1053,863,534,7014,99,2320,0.18,10680,0.82,13000,2,6202,26,1144,2575,9950,1.3,1,67.2,14.2,18,10.1,7.8,0.11,112.34,-52.85,59.49,0.47
CUNDINAMARCA,25,CHAGUANI,25168,5142,0,0,1,166,109,49,16,1,0,0,0,341,0.46,616,581,625,339,679,392,1831,184,1496,0.29,3751,0.71,5247,1152,562,1066,306,276,3361,1.6,0,9.4,6.5,7,3.2,4.2,0.16,29.06,-7.23,21.84,0.25
CUNDINAMARCA,25,CHIA,25175,834,0,0,1,228,45,5,13,2,3,0,0,296,0.17,730,379,950,358,658,92,1519,12,841,0.18,3857,0.82,4698,302,222,61,292,445,1322,3.6,1,4.3,51.5,8,2.8,5.6,0.05,314.77,-3.97,310.79,0.01
CUNDINAMARCA,25,CHIPAQUE,25178,3475,1458,0,1,277,105,39,7,3,0,0,0,431,0.33,482,553,599,749,585,583,1420,293,2178,0.41,3086,0.59,5264,2,16909,14,185,5032,22142,0.2,1,12,13.2,7,3.1,3.8,0.11,43.76,-8.5,35.26,0.19
CUNDINAMARCA,25,CHOACHI,25181,6208,894,0,1,848,178,28,1,2,0,0,0,1057,0.19,691,950,902,980,536,746,3306,164,2840,0.34,5435,0.66,8275,112,247,58,152,259,829,10,0,8.5,14.4,14,5.4,8.2,0.17,51.7,-6.57,45.13,0.13
CUNDINAMARCA,25,CHOCONTA,25183,8846,164,0,1,1038,271,85,34,21,2,1,0,1452,0.25,2414,1193,2520,966,1836,1011,8622,382,3552,0.19,15392,0.81,18944,6,5358,37,311,262,5974,3.2,0,105.2,23.5,23,13,9.9,0.09,187.24,-63.28,123.96,0.34
CUNDINAMARCA,25,COGUA,25200,1113,0,0,1,529,177,76,34,10,2,0,0,828,0.31,1731,413,2134,781,1119,401,6513,74,1669,0.13,11497,0.87,13166,0,3861,16,170,443,4490,2.9,0,32.7,30.6,18,9.5,8.5,0.13,181.27,-20.91,160.35,0.12
CUNDINAMARCA,25,COTA,25214,0,0,0,0,150,36,24,5,10,0,0,0,225,0.27,603,200,656,191,592,82,1854,3,476,0.11,3705,0.89,4181,0,734,21,324,213,1293,3.2,1,8.3,20,6,2.8,3.6,0.09,308.07,-6.3,301.77,0.02
CUNDINAMARCA,25,CUCUNUBA,25224,1478,0,0,1,503,73,19,3,2,0,0,0,600,0.15,381,291,676,301,179,93,2269,6,691,0.16,3505,0.84,4196,0,410,1,71,67,548,7.7,0,4.6,11.8,6,3.1,3.3,0.16,62.46,-6.61,55.85,0.11
CUNDINAMARCA,25,EL COLEGIO,25245,4857,0,0,1,295,70,29,11,5,1,0,1,412,0.24,649,611,588,495,684,892,1795,233,2231,0.38,3716,0.62,5947,1432,432,1187,213,424,3688,1.6,0,10.8,27,9,3.6,5.2,0.08,86.9,-7.82,79.08,0.09
CUNDINAMARCA,25,EL PENON,25258,6356,0,0,1,132,58,19,2,0,0,0,0,211,0.36,138,277,326,477,351,748,603,109,1611,0.53,1418,0.47,3029,1502,93,760,640,7,3002,1,0,12.8,8.6,9,1.8,7.6,0.06,42.92,-9,33.92,0.21
CUNDINAMARCA,25,ELROSAL,25260,2250,0,0,1,174,77,41,29,14,1,1,0,337,0.35,1458,560,1503,621,1146,253,3750,30,1464,0.16,7857,0.84,9321,0,643,3,178,788,1612,5.8,0,44.2,9.2,17,6,11.3,0.09,99.41,-27.52,71.89,0.28
CUNDINAMARCA,25,FACATATIVA,25269,1893,0,0,1,350,115,81,51,35,3,0,0,635,0.31,2363,988,2531,1407,2052,742,7033,396,3533,0.2,13979,0.8,17512,0,880,40,645,1421,2986,5.9,0,33.6,26.7,31,11.6,19.1,0.15,340.35,-32.35,308,0.1
CUNDINAMARCA,25,FOMEQUE,25279,8992,14964,0,1,643,158,32,10,2,0,0,0,845,0.22,138,287,606,803,1257,3026,1299,271,4387,0.57,3300,0.43,7687,91,8,88,199,573,959,8,1,27.4,18.8,25,4.8,20.5,0.07,90.59,-17.92,72.66,0.2
CUNDINAMARCA,25,FOSCA,25281,948,0,0,1,527,51,11,0,0,0,0,0,589,0.11,195,429,221,376,170,494,1274,113,1412,0.43,1860,0.57,3272,128,1001,26,233,485,1873,1.7,0,55,10.8,9,2.1,6.6,0.03,85.29,-33.77,51.52,0.4
CUNDINAMARCA,25,FUNZA,25286,0,0,0,0,74,36,37,15,22,2,2,0,188,0.39,1232,338,1352,459,1349,255,4352,22,1074,0.11,8285,0.89,9359,0,591,12,657,411,1671,5.6,0,61.6,8.9,14,6.6,7.9,0.08,397.14,-37.64,359.5,0.09
CUNDINAMARCA,25,FÚQUENE,25288,973,0,0,1,616,251,49,21,11,2,0,0,950,0.32,1426,212,1987,203,1146,64,7000,12,491,0.04,11559,0.96,12050,2,151,11,130,48,342,35.2,0,8.6,10.3,11,9.4,2,0.45,40.07,-6.63,33.44,0.17
CUNDINAMARCA,25,FUSAGASUGA,25290,4069,0,144,1,604,163,74,43,11,1,1,0,897,0.26,1337,1087,1999,2351,1113,1203,3907,319,4960,0.37,8356,0.63,13316,691,120,744,328,718,2600,5.1,0,23.4,55.3,53,8.1,44.8,0.07,323.52,-15.91,307.62,0.05
CUNDINAMARCA,25,GACHALA,25293,8090,959,0,1,683,192,22,6,0,0,0,0,903,0.24,405,801,866,825,961,1000,2546,963,3589,0.43,4778,0.57,8367,641,59,1,281,204,1185,7.1,0,1.6,18.9,35,5.4,30,0.11,63.83,-2.88,60.95,0.05
CUNDINAMARCA,25,GACHANCIPA,25295,0,0,0,0,149,39,16,19,17,3,0,0,243,0.23,976,156,765,167,1205,139,3448,53,515,0.07,6394,0.93,6909,0,12,3,157,270,443,15.6,0,0.1,11.1,11,5,6.4,0.28,60.88,-1.59,59.29,0.03
CUNDINAMARCA,25,GACHETA,25297,10613,1706,0,1,967,201,46,6,1,0,0,0,1221,0.2,394,1342,1356,1452,1782,2519,2167,470,5783,0.5,5699,0.5,11482,567,95,48,240,164,1114,10.3,1,8.3,14.3,21,6.6,14,0.18,57.86,-9.28,48.59,0.16
CUNDINAMARCA,25,GAMA,25299,1648,0,0,1,457,78,17,0,0,0,0,0,552,0.17,264,445,397,617,399,598,1171,248,1908,0.46,2231,0.54,4139,434,36,22,572,126,1190,3.5,0,1.1,6.2,5,2.6,2.7,0.26,17.46,-2.18,15.28,0.12
CUNDINAMARCA,25,GIRARDOT,25307,280,0,0,0,54,25,14,10,8,5,0,0,116,0.34,509,590,534,496,316,1020,1622,122,2228,0.43,2981,0.57,5209,29,0,37,51,0,118,44.1,1,0.6,6.8,8,3.1,4.4,0.27,185.18,-1.82,183.35,0.01
CUNDINAMARCA,25,GRANADA,25312,2046,0,0,1,129,60,27,18,6,3,0,0,243,0.36,638,347,887,586,746,580,1786,24,1537,0.27,4057,0.73,5594,0,218,110,154,149,632,8.8,0,24,13,4,3.5,0.7,0.09,53.24,-15.48,37.76,0.29
CUNDINAMARCA,25,GUACHETA,25317,4652,13,41,1,719,228,55,45,23,3,2,0,1075,0.26,1988,206,1946,292,1847,304,11261,93,895,0.05,17042,0.95,17937,5,143,3,403,171,724,24.8,1,6,16.4,18,14.5,3.2,0.57,76.77,-5.74,71.02,0.07
CUNDINAMARCA,25,GUADUAS,25320,19873,0,0,1,279,256,218,154,66,18,8,0,999,0.47,4914,5165,6566,5146,5302,2127,15344,1089,13527,0.3,32126,0.7,45653,2125,549,482,776,499,4431,10.3,1,29.4,48.6,76,27.9,48.2,0.22,238.39,-19.84,218.56,0.08
CUNDINAMARCA,25,GUASCA,25322,4183,9237,0,1,749,175,62,34,18,0,1,0,1039,0.23,1398,276,2489,564,1654,453,7979,163,1456,0.1,13520,0.9,14976,9,82,39,1452,453,2035,7.4,0,34.8,18.5,17,11.5,5.6,0.2,92.23,-134.42,-42.19,1.46
CUNDINAMARCA,25,GUATAQUI,25324,624,0,0,1,24,25,12,2,2,1,0,0,66,0.56,122,179,171,191,229,141,619,42,553,0.33,1141,0.67,1694,1179,173,155,480,56,2044,0.8,0,2.8,4.3,3,1.1,1.9,0.12,13.44,-3.03,10.41,0.23
CUNDINAMARCA,25,GUATAVITA,25326,3210,1939,0,1,594,154,28,6,1,0,0,0,783,0.23,647,275,767,264,219,120,4516,20,679,0.1,6149,0.9,6828,0,561,18,101,339,1020,6.7,0,43.4,9.9,8,5.6,2.3,0.1,74.09,-26.87,47.21,0.36
CUNDINAMARCA,25,GUAYABAL DE SIQUIMA,25328,2314,0,0,1,112,49,28,2,0,0,0,0,191,0.4,169,226,389,419,191,253,630,92,990,0.42,1379,0.58,2369,1826,664,590,193,135,3408,0.7,0,5.9,5.4,9,1.4,7.1,0.08,26.82,-4.97,21.85,0.19
CUNDINAMARCA,25,GUAYABETAL,25335,302,1615,0,0,196,62,10,2,0,0,0,0,270,0.27,183,307,335,370,114,233,714,155,1065,0.44,1346,0.56,2411,221,2,12,4,9,248,9.7,0,1.8,11.2,4,1.5,2.9,0.09,24.46,-2.46,22,0.1
CUNDINAMARCA,25,GUTIERREZ,25339,5,16071,0,0,294,96,13,3,0,0,0,0,406,0.27,349,457,217,386,298,434,1423,328,1605,0.41,2287,0.59,3892,305,351,3,482,666,1807,2.2,1,41.4,13.7,3,2.5,1,0.04,64.29,-25.65,38.64,0.4
CUNDINAMARCA,25,JERUSALEN,25368,4771,0,0,1,84,61,22,14,4,0,0,0,185,0.45,165,209,198,688,341,932,1011,139,1968,0.53,1715,0.47,3683,268,112,219,927,1,1527,2.4,0,8.5,8.8,6,2.4,4,0.11,29.14,-6.42,22.71,0.22
CUNDINAMARCA,25,JUNIN,25372,9874,4630,84,1,961,347,63,12,0,0,0,0,1383,0.3,1150,1452,1609,1511,1396,1561,3932,704,5228,0.39,8087,0.61,13315,488,42,78,1254,380,2242,5.9,1,11.6,16.7,17,8.1,9,0.22,56.38,-8.63,47.75,0.15
CUNDINAMARCA,25,LA CALERA,25377,6873,1430,0,1,591,310,128,45,11,1,0,0,1086,0.4,1866,1207,2639,1255,2146,967,6882,325,3754,0.22,13533,0.78,17287,1,862,23,111,324,1321,13.1,1,92.6,31.1,20,11.5,8.7,0.09,223.1,-57.18,165.92,0.26
CUNDINAMARCA,25,LA MESA,25386,6542,0,0,1,247,53,30,18,4,0,0,0,352,0.24,453,492,691,893,488,448,1398,142,1975,0.39,3030,0.61,5005,4976,115,1236,270,198,6795,0.7,0,11.4,31.3,13,3,10.3,0.06,223.73,-8.21,215.52,0.04
CUNDINAMARCA,25,LA PALMA,25394,3648,0,0,1,121,92,27,11,2,0,0,0,253,0.47,240,565,552,769,582,903,635,180,2417,0.55,2009,0.45,4426,2719,941,175,496,520,4851,0.9,0,18.3,12.6,4,2.4,2,0.07,54.74,-12.11,42.62,0.22
CUNDINAMARCA,25,LA PENA,25398,3991,0,0,1,31,23,7,2,2,0,0,0,65,0.46,74,72,174,625,63,92,337,51,840,0.56,648,0.44,1488,4365,175,202,304,10,5056,0.3,0,2.5,13.2,1,0.9,0.4,0.06,40.75,-2.85,37.9,0.07
CUNDINAMARCA,25,LA VEGA,25402,4567,0,0,1,234,109,39,18,4,2,0,0,406,0.36,561,352,992,918,687,835,2175,353,2458,0.36,4415,0.64,6873,757,253,337,143,159,1648,4.2,0,7,18.4,12,4.5,7.2,0.14,59.23,-5.66,53.57,0.1
CUNDINAMARCA,25,LENGUAZAQUE,25407,2809,1825,0,1,591,181,19,13,8,2,1,0,815,0.25,1070,566,1221,458,712,136,5903,19,1179,0.12,8906,0.88,10085,0,2979,0,193,385,3557,2.8,0,16.5,15.6,11,7.7,3.4,0.22,97.76,-11.29,86.47,0.12
CUNDINAMARCA,25,MACHETA,25426,6665,1480,0,1,346,95,29,1,1,0,0,0,472,0.26,437,493,643,452,685,353,1335,178,1476,0.32,3100,0.68,4576,161,343,155,20,19,698,6.6,0,61.5,9.8,5,2.7,1.8,0.04,85.3,-37.46,47.84,0.44
CUNDINAMARCA,25,MADRID,25430,0,0,0,0,162,55,49,35,24,7,0,1,333,0.31,2014,454,2316,1072,2147,356,5572,185,2067,0.15,12049,0.85,14116,0,697,38,1006,942,2683,5.3,0,96.4,19.8,18,9.4,8.8,0.08,353.99,-58.04,295.94,0.16
CUNDINAMARCA,25,MANTA,25436,5234,0,0,1,276,46,8,8,1,0,0,0,339,0.16,183,295,191,201,227,485,975,242,1223,0.44,1576,0.56,2799,372,296,71,526,177,1443,1.9,0,3.5,6.7,4,1.8,1.8,0.15,20.11,-3.48,16.63,0.17
CUNDINAMARCA,25,MEDINA,25438,22197,458,0,1,174,381,322,202,82,10,2,0,1173,0.6,3783,3925,2821,4378,6570,14818,12601,7722,30843,0.54,25775,0.46,56618,323,551,56,385,204,1520,37.3,1,2.4,21.3,58,34.9,23.5,0.74,95.89,-3.71,92.18,0.04
CUNDINAMARCA,25,MOSQUERA,25473,33,0,0,1,59,17,18,19,32,4,0,0,149,0.23,1203,351,1184,470,1154,359,3926,76,1256,0.14,7467,0.86,8723,0,264,40,1055,596,1955,4.5,1,7.4,6.7,10,6,3.7,0.34,356.27,-5.86,350.41,0.02
CUNDINAMARCA,25,NARINO,25483,147,0,0,0,13,12,8,6,2,0,1,0,42,0.48,63,101,150,123,106,407,281,126,757,0.56,600,0.44,1357,3,0,1,4,4,12,115.3,0,2.1,2,11,0.8,10.6,0.06,18.53,-2.75,15.78,0.15
CUNDINAMARCA,25,NEMOCON,25486,0,0,0,0,171,49,39,31,36,2,1,0,329,0.27,1684,263,1899,210,1228,338,6476,97,908,0.07,11287,0.93,12195,2,8,0,94,386,490,24.9,0,0.7,16.2,18,9,8.8,0.35,56.51,-3.58,52.93,0.06
CUNDINAMARCA,25,NILO,25488,8302,0,0,1,110,40,31,15,11,1,0,0,208,0.34,337,350,497,593,584,498,1654,632,2073,0.4,3072,0.6,5145,568,7,651,176,47,1449,3.5,0,3.9,32.5,11,3.4,7.9,0.08,72.44,-3.79,68.65,0.05
CUNDINAMARCA,25,NIMAIMA,25489,1786,0,0,1,45,33,5,3,0,1,0,0,87,0.44,89,89,157,501,121,294,258,32,916,0.59,625,0.41,1541,1280,1,33,0,25,1340,1.2,0,0.7,7.1,1,0.9,0.4,0.11,17.07,-1.78,15.29,0.1
CUNDINAMARCA,25,NOCAIMA,25491,3463,0,0,1,87,35,9,3,1,0,0,0,135,0.33,122,173,201,399,138,102,521,40,714,0.42,982,0.58,1696,2307,15,109,3,16,2450,0.7,0,0.4,11.9,2,1.1,1.2,0.08,36.53,-1.73,34.8,0.05
CUNDINAMARCA,25,PACHO,25513,5257,66,0,1,915,314,108,55,17,2,0,0,1411,0.3,1845,1902,2971,2337,2780,2359,6281,341,6939,0.33,13877,0.67,20816,1492,967,1279,319,899,4955,4.2,0,25.9,24,28,12.8,15.4,0.2,117.34,-18.55,98.79,0.16
CUNDINAMARCA,25,PAIME,25518,6338,0,0,1,150,71,13,7,1,0,0,0,242,0.35,243,314,477,389,427,378,1016,203,1284,0.37,2163,0.63,3447,1800,643,555,583,85,3666,0.9,0,12.2,8.3,3,2.2,1.3,0.1,30.54,-8.53,22,0.28
CUNDINAMARCA,25,PANDI,25524,4527,735,0,1,119,41,11,8,1,1,0,0,181,0.29,247,234,263,372,235,225,954,88,919,0.35,1699,0.65,2618,274,18,185,366,63,906,2.9,0,2.6,10.4,5,1.7,3.3,0.1,25.74,-2.93,22.81,0.11
CUNDINAMARCA,25,PARATEBUENO,25530,20269,0,0,1,65,134,151,97,82,33,18,3,583,0.49,4792,4180,5505,7893,5811,12122,15129,8700,32895,0.51,31237,0.49,64132,4437,72,575,2407,259,7749,8.3,1,153.9,11.9,64,39.8,24.6,0.21,244.84,-92.45,152.39,0.38
CUNDINAMARCA,25,PASCA,25535,5354,5136,0,1,358,193,82,24,2,0,0,0,659,0.42,814,909,964,1013,1699,1367,1672,411,3700,0.42,5149,0.58,8849,0,4314,231,239,425,5209,1.7,0,29.5,19,10,4.9,5.2,0.09,74.28,-18.79,55.49,0.25
CUNDINAMARCA,25,PUERTO SALGAR,25572,7055,0,0,1,38,79,94,73,79,47,14,2,426,0.41,4266,4319,6970,10436,5647,9978,13661,916,25649,0.46,30544,0.54,56193,37,353,416,174,205,1185,47.4,1,3.9,11.3,57,33.8,23.3,0.88,105.52,-4.55,100.98,0.04
CUNDINAMARCA,25,PULI,25580,7880,0,0,1,86,59,30,13,5,0,0,0,193,0.46,367,327,512,419,555,379,1274,130,1255,0.32,2708,0.68,3963,1235,723,1552,531,81,4123,1,0,8.2,7.2,6,2.5,3.8,0.13,33.05,-6.23,26.82,0.19
CUNDINAMARCA,25,QUEBRADANEGRA,25592,2933,0,0,1,128,47,15,5,0,0,0,0,195,0.32,203,236,218,455,343,187,591,81,959,0.41,1355,0.59,2314,3700,37,37,204,21,3999,0.6,0,1.1,8.7,3,1.4,1.8,0.12,30.75,-2.03,28.72,0.07
CUNDINAMARCA,25,QUETAME,25594,2798,402,0,1,286,43,9,2,1,0,0,0,341,0.15,126,193,208,215,237,508,858,171,1087,0.43,1429,0.57,2516,233,324,13,44,114,728,3.5,0,13.3,10.8,3,1.7,1.6,0.07,36.95,-9.19,27.76,0.25
CUNDINAMARCA,25,QUIPILE,25596,3452,0,267,1,305,69,16,2,0,0,0,0,392,0.22,284,351,393,673,294,379,867,172,1575,0.46,1838,0.54,3413,2385,118,949,217,115,3784,0.9,0,5.7,15.3,4,2,2.3,0.09,39.94,-5.8,34.14,0.15
CUNDINAMARCA,25,RICAURTE,25612,2544,0,0,1,38,28,18,11,10,7,0,1,113,0.41,403,512,1011,1409,953,845,1878,400,3166,0.43,4245,0.57,7411,94,0,8,96,5,203,36.6,0,5.2,9.6,10,4.7,5.2,0.23,42.55,-4.97,37.58,0.12
CUNDINAMARCA,25,SAN ANTONIO DEL TEQUENDAMA,25645,2572,0,0,1,309,86,23,7,2,0,0,0,427,0.26,484,506,568,601,430,296,1596,141,1544,0.33,3078,0.67,4622,503,24,215,54,124,920,5,0,0.5,25.6,8,2.9,5.2,0.09,52.22,-1.76,50.46,0.03
CUNDINAMARCA,25,SAN BERNARDO,25649,4659,6706,0,1,275,76,25,7,5,0,0,0,388,0.26,351,338,602,644,561,855,1244,53,1890,0.41,2758,0.59,4648,221,438,529,122,609,1918,2.4,0,12,13.2,7,2.9,3.9,0.1,46.39,-9.11,37.28,0.2
CUNDINAMARCA,25,SAN CAYETANO,25653,3500,797,0,1,229,181,76,26,11,0,0,0,523,0.49,847,734,1868,1117,821,759,4744,173,2783,0.25,8280,0.75,11063,1357,2695,267,186,319,4825,2.3,1,109.9,10.2,12,7.7,4.7,0.06,142.44,-65.82,76.62,0.46
CUNDINAMARCA,25,SAN FRANCISCO,25658,3882,0,0,1,201,91,41,20,10,1,0,0,364,0.36,708,530,899,1121,930,1191,1838,50,2892,0.4,4375,0.6,7267,561,72,252,0,220,1105,6.6,0,5.4,12.8,9,4.3,4.7,0.19,41.5,-5.19,36.31,0.13
CUNDINAMARCA,25,SAN JUAN DE RIOSECO,25662,10673,0,0,1,156,128,66,27,13,2,2,0,394,0.49,1035,1060,1262,1085,1567,857,3791,335,3337,0.3,7655,0.7,10992,2320,156,1174,888,81,4619,2.4,1,17,21.8,14,7,7.2,0.15,67.5,-11.53,55.98,0.17
CUNDINAMARCA,25,SASAIMA,25718,3059,0,0,1,229,58,21,6,2,0,0,0,316,0.25,355,319,414,481,401,224,905,32,1056,0.34,2075,0.66,3131,1075,331,684,35,493,2618,1.2,0,16.3,16.3,14,1.8,12.4,0.04,64.49,-11.21,53.28,0.17
CUNDINAMARCA,25,SESQUILE,25736,1072,268,0,1,396,129,42,28,8,2,0,0,605,0.28,988,324,1727,513,1028,130,5126,50,1017,0.1,8869,0.9,9886,0,245,0,13,95,353,28,0,63.8,18.7,12,7.4,4.5,0.09,114.58,-38.86,75.72,0.34
CUNDINAMARCA,25,SIBATE,25740,3727,0,0,1,368,157,63,25,10,3,0,0,626,0.35,1256,524,1449,674,936,608,4791,408,2214,0.21,8432,0.79,10646,0,1945,49,105,238,2337,4.6,0,78.8,23.2,15,7.5,7.9,0.07,260.24,-47.67,212.57,0.18
CUNDINAMARCA,25,SILVANIA,25743,6557,0,152,1,474,175,63,7,3,1,0,0,723,0.33,700,876,994,1141,467,971,2533,159,3147,0.4,4694,0.6,7841,493,276,569,207,442,1987,3.9,0,4.9,31.1,23,4.8,17.8,0.09,91.95,-4.6,87.35,0.05
CUNDINAMARCA,25,SIMIJACA,25745,2026,0,0,1,747,207,67,40,15,3,2,0,1081,0.25,2078,175,2295,222,2056,81,9943,30,508,0.03,16372,0.97,16880,0,163,29,1167,116,1475,11.4,0,37.9,11.4,17,13.2,3.6,0.25,93.21,-24.01,69.2,0.26
CUNDINAMARCA,25,SOACHA,25754,4416,2007,0,1,150,65,27,11,12,6,2,0,273,0.34,1211,440,1276,485,1120,102,3794,28,1055,0.12,7401,0.88,8456,0,246,15,18,213,492,17.2,1,20.5,14.2,10,5.7,4.1,0.15,928.35,-20.25,908.1,0.02
CUNDINAMARCA,25,SOPO,25758,225,0,0,1,192,59,35,26,29,7,1,0,349,0.27,1923,495,2654,523,1365,253,6352,116,1387,0.1,12294,0.9,13681,0,164,27,97,359,648,21.1,1,0.5,17.9,17,9.6,7.7,0.37,205.51,-2.71,202.79,0.01
CUNDINAMARCA,25,SUBACHOQUE,25769,3279,0,0,1,498,195,121,53,11,1,0,0,879,0.36,1585,842,2344,1371,1763,936,6138,325,3474,0.23,11830,0.77,15304,1,1204,61,492,624,2382,6.4,0,59,18.7,20,10.4,9.9,0.12,123.19,-36.49,86.69,0.3
CUNDINAMARCA,25,SUESCA,25772,2378,160,0,1,636,187,44,19,16,2,2,0,906,0.25,1846,517,1928,515,1032,257,7378,100,1389,0.1,12184,0.9,13573,6,1294,1,98,254,1652,8.2,0,31.6,16.4,22,10,12.1,0.17,99.34,-20.22,79.12,0.2
CUNDINAMARCA,25,SUPATA,25777,3207,0,0,1,263,72,41,20,7,1,0,0,404,0.28,642,391,809,1215,905,895,2285,169,2670,0.37,4641,0.63,7311,952,119,109,98,51,1329,5.5,0,5.5,6.9,11,4.7,6.7,0.25,30.9,-4.77,26.13,0.15
CUNDINAMARCA,25,SUSA,25779,2192,0,0,1,839,169,29,8,3,0,2,0,1050,0.19,1057,289,159,426,1166,124,5427,10,849,0.1,7809,0.9,8658,5,783,2,208,58,1056,8.2,1,42.3,11.1,10,6.8,3,0.12,79.38,-26.25,53.14,0.33
CUNDINAMARCA,25,SUTATAUSA,25781,1565,0,0,1,209,29,7,3,0,0,0,0,248,0.15,97,77,303,188,61,149,876,1,415,0.24,1337,0.76,1752,0,286,1,41,78,406,4.3,0,5.8,7.2,2,1.3,0.9,0.1,43.83,-4.77,39.06,0.11
CUNDINAMARCA,25,TABIO,25785,1292,0,0,1,333,63,30,14,2,1,1,0,444,0.21,952,406,865,521,587,29,2717,17,973,0.16,5121,0.84,6094,0,252,0,243,737,1233,4.9,0,10.6,28.7,8,4,4,0.09,85.28,-8.18,77.1,0.1
CUNDINAMARCA,25,TAUSA,25793,5513,3059,0,1,562,133,36,17,4,1,0,0,753,0.22,736,940,955,754,1092,461,2918,71,2226,0.28,5701,0.72,7927,0,3121,0,3,14,3139,2.5,0,196.5,22.1,9,5,4.4,0.02,254.69,-116.61,138.08,0.46
CUNDINAMARCA,25,TENA,25797,1616,0,0,1,176,40,19,6,0,0,0,0,241,0.24,232,271,409,524,217,165,659,67,1027,0.4,1517,0.6,2544,398,22,387,12,267,1087,2.3,0,5.9,16.6,9,1.5,7.7,0.05,44.41,-4.94,39.47,0.11
CUNDINAMARCA,25,TENJO,25799,0,0,0,0,445,124,67,51,35,3,0,0,725,0.26,2611,518,2746,462,2542,285,7873,178,1443,0.08,15772,0.92,17215,0,1373,19,1479,483,3353,5.1,0,39.1,20.7,25,11.9,13.5,0.16,228.05,-24.66,203.39,0.11
CUNDINAMARCA,25,TIBACUY,25805,2702,0,0,1,199,69,22,11,1,0,0,0,302,0.3,276,331,341,581,464,491,881,101,1504,0.43,1962,0.57,3466,874,51,335,131,23,1414,2.5,0,4.1,9.9,7,2.1,5.1,0.11,27.93,-4.49,23.44,0.16
CUNDINAMARCA,25,TIBIRITA,25807,2156,0.3,0,1,211,34,4,2,0,0,0,0,251,0.15,160,196,223,143,232,146,420,36,521,0.33,1035,0.67,1556,188,343,77,52,18,678,2.3,0,6.6,4.8,2,0.9,1,0.07,17.61,-5.26,12.35,0.3
CUNDINAMARCA,25,TOCAIMA,25815,4244,0,0,1,83,73,45,26,20,4,0,0,251,0.47,297,372,549,1033,1170,4130,2175,481,6016,0.59,4191,0.41,10207,153,148,530,860,22,1713,6,0,12,15.8,18,6.5,11.5,0.17,72.11,-8.67,63.44,0.12
CUNDINAMARCA,25,TOCANCIPA,25817,0,0,0,0,159,28,10,13,9,6,1,0,226,0.17,1078,205,1194,156,783,119,3086,8,488,0.07,6141,0.93,6629,0,63,20,72,541,697,9.5,0,1.2,33.5,14,4.6,9.3,0.1,574.7,-3.19,571.51,0.01
CUNDINAMARCA,25,TOPAIPI,25823,4606,0,0,1,155,86,24,9,1,0,0,0,275,0.4,364,446,505,480,438,715,1449,215,1856,0.4,2756,0.6,4612,1349,301,700,325,112,2786,1.7,0,13.4,7.4,6,2.9,2.8,0.12,33.3,-9.3,24,0.28
CUNDINAMARCA,25,UBALA,25839,17842,51,0,1,1158,312,105,46,8,1,0,0,1630,0.26,1222,993,1167,878,1345,978,2678,496,3345,0.34,6412,0.66,9757,1392,453,52,504,476,2877,3.4,1,1.3,24,56,5.7,50.5,0.07,343.49,-3.15,340.34,0.01
CUNDINAMARCA,25,UBAQUE,25841,1585,268,0,1,558,83,22,2,0,0,0,0,665,0.16,434,560,735,639,293,163,1505,29,1391,0.32,2967,0.68,4358,84,721,12,312,287,1416,3.1,1,69.7,11.3,16,2.7,13,0.03,107.31,-42.41,64.9,0.4
CUNDINAMARCA,25,UNE,25845,4782,6738,0,1,265,99,37,10,2,0,0,0,413,0.33,391,392,556,992,408,985,1325,207,2576,0.49,2680,0.51,5256,1,827,162,677,137,1804,2.9,0,92.7,9.2,6,3.2,2.5,0.03,120.72,-55.69,65.03,0.46
CUNDINAMARCA,25,UTICA,25851,1339,0,0,1,37,39,43,11,6,1,0,0,137,0.6,299,320,545,1523,568,478,1124,132,2453,0.49,2536,0.51,4989,3182,12,12,0,0,3205,1.6,0,0.1,8.9,6,3,2.7,0.26,28.41,-1.53,26.88,0.05
CUNDINAMARCA,25,VENECIA,25506,1764,0,0,1,139,46,8,5,0,0,0,0,198,0.27,199,188,307,351,150,223,694,4,766,0.36,1350,0.64,2116,412,84,476,200,79,1251,1.7,0,3.3,7.5,12,1.3,10.6,0.06,28.22,-3.46,24.76,0.12
CUNDINAMARCA,25,VERGARA,25862,5511,0,0,1,214,83,30,6,2,0,0,0,335,0.34,179,317,476,632,726,867,866,119,1935,0.46,2247,0.54,4182,3666,295,163,159,76,4359,1,0,7.8,12.3,4,2.5,1.4,0.12,52.6,-5.98,46.62,0.11
CUNDINAMARCA,25,VIANI,25867,2283,0,0,1,197,49,11,2,0,0,0,0,259,0.23,252,256,301,236,70,130,839,69,691,0.32,1462,0.68,2153,1647,215,945,330,183,3320,0.6,0,0.8,5.6,3,1.4,1.5,0.17,14.99,-1.85,13.15,0.12
CUNDINAMARCA,25,VILLA DE SAN DIEGO DE  UBATE,25843,1825,3,0,1,839,214,63,25,8,5,1,0,1155,0.24,1701,302,2727,482,1532,279,9029,35,1098,0.07,14989,0.93,16087,8,1006,13,105,172,1304,12.3,0,13.8,26.9,17,12.5,4.8,0.27,125.22,-9.87,115.35,0.08
CUNDINAMARCA,25,VILLAGOMEZ,25871,631,0,0,1,84,38,14,2,0,0,0,0,138,0.38,157,176,192,152,271,285,497,109,722,0.39,1117,0.61,1839,667,228,46,296,210,1446,1.3,0,0.9,3,3,1.1,1.6,0.2,9.56,-1.91,7.65,0.2
CUNDINAMARCA,25,VILLAPINZON,25873,2103,86,0,1,934,373,72,24,8,0,0,0,1411,0.32,1697,1201,1843,656,1618,432,8532,261,2550,0.16,13690,0.84,16240,0,3385,12,244,163,3804,4.3,0,258.5,24.6,14,11.8,2.4,0.04,330.51,-152.79,177.71,0.46
CUNDINAMARCA,25,VILLETA,25875,6184,0,0,1,116,41,17,15,3,0,0,0,192,0.3,352,276,437,653,484,369,782,86,1384,0.4,2055,0.6,3439,3805,33,71,160,8,4076,0.8,0,4.2,21.7,12,2,10,0.06,102.56,-3.99,98.57,0.04
CUNDINAMARCA,25,VIOTA,25878,7101,0,0,1,193,96,42,11,4,0,0,0,346,0.4,388,571,663,562,599,815,1637,688,2636,0.45,3287,0.55,5923,3894,841,2858,2260,186,10039,0.6,0,44.5,17.9,9,3.7,5.2,0.05,91.34,-27.52,63.82,0.3
CUNDINAMARCA,25,YACOPI,25885,41862,0,0,1,447,509,223,102,59,10,3,1,1354,0.54,6455,6396,6696,5488,11146,1461,27396,16907,30252,0.37,51693,0.63,81945,5080,2418,189,2660,275,10622,7.7,1,18.7,25.4,48.9,55,-6.1,1.45,117.18,-15.08,102.1,0.13
CUNDINAMARCA,25,ZIPACON,25898,3059,0,0,1,157,34,15,10,5,2,0,0,223,0.22,667,412,399,214,1241,122,2693,1106,1854,0.27,5000,0.73,6854,124,322,38,236,297,1016,6.7,0,6.1,8,6,4.8,1.3,0.31,27.69,-5,22.69,0.18
CUNDINAMARCA,25,ZIPAQUIRA,25899,4277,0,0,1,554,189,98,42,27,7,0,0,917,0.31,2921,980,2652,692,8412,148,16808,2503,4323,0.12,30793,0.88,35116,0,2255,10,199,1631,4095,8.6,0,55.3,29.5,22.7,26.4,-3.6,0.32,353.6,-38.2,315.39,0.11
DISTRITO CAPITAL,11,"BOGOTA,D.C.",11001,17632,64919,0,1,739,463,186,50,19,6,0,0,1463,0.44,3193,2858,3689,3017,1771,1491,9833,7873,15239,0.45,18486,0.55,33725,0,1638,2194,238,3228,7299,4.6,1,15.2,,23.7,21.6,2.1,1.25,10568.54,-15.26,10553.29,0
META,50,ACACIAS,50006,3539,3958,3650,1,185,229,178,135,107,27,18,6,885,0.46,5983,5727,6136,8690,6750,13235,19638,4600,32252,0.46,38507,0.54,70759,28567,174,106,664,397,29908,2.4,1,247.2,26.2,68,43.7,24.4,0.15,742.31,-72.7,669.62,0.1
META,50,BARRANCA DE UPIA,50110,1497,1573,1716,1,14,18,27,31,21,11,9,2,133,0.34,2016,1628,1833,3240,1981,3481,6553,2009,10358,0.46,12383,0.54,22741,9415,771,487,84,126,10883,2.1,0,141.5,3.8,23,14.3,8.8,0.09,181.68,-42.96,138.72,0.24
META,50,CABUYARO,50124,0,3328,1993,1,23,28,26,39,45,32,17,15,225,0.24,5147,4630,5970,6140,4950,8804,17551,4408,23982,0.42,33618,0.58,57600,14829,901,877,11101,1900,29608,1.9,1,228.2,9.7,50,36.4,13.9,0.14,351.72,-68.49,283.23,0.19
META,50,CASTILLA LA NUEVA,50150,0,2413,0,0,60,95,71,66,67,36,8,4,407,0.41,4123,3687,5339,5789,5311,6841,13962,3196,19513,0.4,28735,0.6,48248,6542,1941,594,6801,932,16810,2.9,0,158.9,18.8,48,30.2,18,0.15,469.01,-46.76,422.25,0.1
META,50,CUBARRAL,50223,1844,1640,9818,1,50,53,58,40,23,8,4,0,236,0.47,1190,1210,1662,2060,1698,3140,4920,320,6730,0.42,9470,0.58,16200,442,543,218,215,440,1860,8.7,1,5.9,15.9,13,10.3,2.4,0.43,42.32,-1.77,40.55,0.04
META,50,CUMARAL,50226,1675,4977,0,1,65,105,86,87,92,41,14,3,493,0.39,4135,4025,5176,6840,5469,10158,15103,7339,28362,0.49,29883,0.51,58245,8238,830,331,4982,1040,15420,3.8,0,141,15.3,49,36.8,12.3,0.22,235.5,-42.23,193.27,0.18
META,50,EL CALVARIO,50245,0,0,0,0,82,66,16,3,0,0,0,0,167,0.49,386,401,449,650,339,289,942,79,1419,0.4,2116,0.6,3535,235,401,61,1096,2371,4165,0.8,0,4.1,20.2,2,2,0,0.08,29.42,-1.21,28.21,0.04
META,50,EL CASTILLO,50251,11857,2317,0,1,31,84,106,95,65,12,0,1,394,0.48,2320,2291,2720,3944,3260,8019,7124,1322,15576,0.5,15424,0.5,31000,758,4752,638,3705,2831,12685,2.4,0,20.3,23.4,28,18.6,9.2,0.35,80.75,-6.12,74.64,0.08
META,50,EL DORADO,50270,2028,899,43,1,36,36,33,45,16,3,1,0,170,0.41,697,777,669,1286,1189,2402,2403,177,4642,0.48,4958,0.52,9600,527,1048,839,2762,535,5712,1.7,0,3.4,3.7,11,5.8,5.7,0.45,23.2,-1.08,22.12,0.05
META,50,FUENTE DE ORO,50287,0,4549,0,0,38,56,66,57,66,20,7,0,310,0.39,2760,2800,3000,2950,3290,5000,9700,1500,12250,0.4,18750,0.6,31000,5382,5214,1850,8612,2441,23498,1.3,0,188.2,52.6,37,19.4,18,0.07,296.79,-212.05,84.74,0.71
META,50,GRANADA,50313,0,3035,0,0,94,87,85,59,45,8,1,1,380,0.45,1790,1650,1660,1790,2060,2790,5880,880,7110,0.38,11390,0.62,18500,2387,7184,1983,7136,934,19625,0.9,0,73.7,40.6,4.9,11.6,-6.7,0.11,204.54,-25.29,179.25,0.12
META,50,GUAMAL,50318,378,1946,1260,1,165,139,106,57,30,1,1,0,499,0.49,1519,1545,1674,2112,1879,1751,4781,1739,7147,0.42,9853,0.58,17000,1274,41,112,12,56,1495,11.4,0,1.7,7.6,31,10.5,20.2,0.36,82.02,-1.31,80.7,0.02
META,50,LA-MACARENA,50350,18445,41972,109154,1,18,50,127,145,124,22,6,1,493,0.36,8058,7523,8425,8436,10241,12580,25856,3774,32313,0.38,52580,0.62,84893,2563,18860,259,1783,3740,27205,3.1,0,6.3,5072,25,52.5,-27.5,0.01,5143.57,-1.95,5141.62,0
META,50,LEJANIAS,50400,8141,1537,0,1,49,75,94,75,30,2,0,0,325,0.52,1610,1580,1450,1450,1520,3140,4850,900,7070,0.43,9430,0.57,16500,1311,1352,3420,3747,409,10239,1.6,0,46,96.4,20,10.1,9.5,0.07,175.41,-13.61,161.81,0.08
META,50,MAPIRIPAN,50325,353,158906,105383,1,12,54,97,122,108,45,15,4,457,0.33,7010,6120,7670,7440,8920,7780,25370,2690,24030,0.33,48970,0.67,73000,7442,7310,9,9407,2472,26640,2.7,0,28.7,1881.7,54,46.8,6.9,0.02,1985.24,-8.62,1976.62,0
META,50,MESETAS,50330,80817,5569,2628,1,54,130,236,207,140,32,5,0,804,0.46,5410,5470,7460,7300,8460,11990,17950,3960,28720,0.42,39280,0.58,68000,1223,2008,188,263,856,4538,15,0,12.2,466.4,53,41.7,11.6,0.09,547.83,-3.8,544.03,0.01
META,50,PUERTO CONCORDIA,50450,0,10066,7336,1,25,71,88,83,72,20,9,0,368,0.43,3600,2970,4200,4900,4470,5770,12820,1770,15410,0.38,25090,0.62,40500,4749,7231,883,589,2121,15573,2.6,0,52.1,822.5,37,25.8,11.5,0.03,937.31,-22.56,914.75,0.02
META,50,PUERTO-GAITAN,50568,29192,233534,202087,1,21,62,90,100,155,88,45,29,590,0.26,13011,12410,18807,11986,16461,10997,59649,7679,43072,0.29,107928,0.71,151000,50920,22889,1482,15346,8103,98741,1.5,0,131.6,231.5,161,101.8,59.1,0.24,1499.87,-103.61,1396.26,0.07
META,50,PUERTO-LLERAS,50577,0,26195,11826,1,35,78,149,173,191,75,24,10,735,0.31,9680,8500,12810,12600,12700,16220,36200,6290,43610,0.38,71390,0.62,115000,6147,3951,1767,3762,2296,17924,6.4,0,90.6,448.3,107,73.5,33.3,0.13,660.86,-28.97,631.89,0.04
META,50,PUERTO-LOPEZ,50573,7778,82530,69125,1,99,156,121,135,189,161,96,33,990,0.28,21362,18796,24739,20342,21096,20322,76420,11923,71383,0.33,143617,0.67,215000,32917,1387,1060,18791,3226,57382,3.7,0,137.8,67.5,219,138.5,80.7,0.48,473.61,-448.04,25.57,0.95
META,50,PUERTO-RICO,50590,0,23861,14740,1,11,61,103,126,93,33,9,4,440,0.37,3980,4070,5190,5890,6640,9450,15880,2400,21810,0.41,31690,0.59,53500,7481,83,45,27,77,7713,6.9,0,26.2,1293.7,128,33.9,94.2,0.02,1472.84,-8.21,1464.63,0.01
META,50,RESTREPO,50606,668,3908,0,1,150,120,78,58,39,13,11,2,471,0.42,2443,2305,2954,4200,2796,6917,9261,3354,16776,0.49,17454,0.51,34230,1276,231,213,1704,276,3699,9.3,1,16.5,9.7,34,21.7,12.5,0.56,76.16,-5.07,71.1,0.07
META,50,SAN CARLOS DE GUAROA,50680,0,1267,0,0,10,15,22,23,51,26,22,5,174,0.21,3499,2981,4858,5805,4003,8546,11941,1908,19240,0.44,24301,0.56,43541,28444,946,1830,4590,1265,37075,1.2,0,620.5,20.1,45,27.1,18.2,0.04,713.88,-181.98,531.9,0.25
META,50,SAN JUAN DE ARAMA,50683,27506,10065,579,1,42,100,120,132,90,51,25,7,567,0.39,6190,5900,7010,8900,8400,13000,21200,2800,30600,0.42,42800,0.58,73400,6861,35,158,540,121,7714,9.5,0,83.2,124.3,67,45.5,21.1,0.2,287.3,-1377.27,-1089.98,4.79
META,50,SAN JUANITO,50686,2337,0,0,1,56,22,9,1,0,0,0,0,88,0.35,167,182,139,131,165,192,594,197,702,0.4,1065,0.6,1767,176,199,12,89,2081,2557,0.7,1,1.5,15.9,2,1.1,0.8,0.06,22.24,-0.45,21.8,0.02
META,50,SAN MARTIN,50689,20944,48080,82961,1,86,116,158,139,212,95,51,17,874,0.31,13560,12040,15000,17300,18000,26500,48300,8300,64140,0.4,94860,0.6,159000,25493,4633,1382,3028,1939,36476,4.4,0,299.5,123.4,102,100.5,1.3,0.24,567.97,-91.51,476.46,0.16
META,50,URIBE,50370,446,12614,10405,1,2,39,90,81,64,23,4,0,303,0.43,2670,2400,2550,3600,3680,7000,9000,1300,14300,0.44,17900,0.56,32200,1166,12562,1530,4457,2737,22452,1.4,1,2,1441.7,25,20,4.6,0.01,1487.95,-1082.61,405.34,0.73
META,50,VILLAVICENCIO,50001,5848,5446,0,1,284,250,210,173,131,65,28,5,1146,0.4,6783,6840,9785,13636,8832,21776,24341,9154,51406,0.51,49741,0.49,101147,2489,2127,4520,18755,3842,31733,3.2,1,78.5,52.3,94,62.7,30.9,0.39,993.74,-25.47,968.26,0.03
META,50,VISTAHERMOSA,50711,33246,30506,21837,1,43,148,263,215,164,35,18,0,886,0.46,7410,6800,8500,9690,11400,16300,23000,3900,36690,0.42,50310,0.58,87000,5680,1753,196,3427,383,11440,7.6,0,38.7,1322.7,65,53.1,12,0.04,1459.39,-11.99,1447.4,0.01
TOLIMA,73,ALPUJARRA,73024,0,28850,0,0,113,111,56,12,2,1,0,0,295,0.57,773,331,681,693,995,775,2061,440,2239,0.33,4510,0.67,6749,2202,1772,2226,289,324,6814,1,1,10.5,84.3,10,4.3,5.9,0.04,112.45,-48.52,63.92,0.43
TOLIMA,73,ALVARADO,73026,4506,0,8018,1,46,72,62,37,17,11,4,1,250,0.54,1742,747,2020,1507,1988,1250,5062,492,3996,0.27,10812,0.73,14808,2393,433,1547,3477,182,8033,1.8,0,14,15.2,19,9.5,9.6,0.25,72.68,-64.03,8.65,0.88
TOLIMA,73,AMBALEMA,73030,1941,0,1139,1,16,32,23,22,12,4,1,1,111,0.5,1510,647,839,792,952,745,3349,496,2680,0.29,6650,0.71,9330,397,346,923,13289,29,14985,0.6,0,45.7,4.6,14,5.8,8.2,0.1,76.99,-211.37,-134.38,2.75
TOLIMA,73,ANZOATEGUI,73043,1844,10742,0,1,212,149,57,12,4,0,1,0,435,0.47,979,420,972,1027,1029,903,1934,359,2709,0.36,4914,0.64,7623,4918,2481,2298,491,1184,11372,0.7,0,29.7,44,8,4.5,3.6,0.06,108.66,-133.67,-25,1.23
TOLIMA,73,ARMERO GUAYABAL,73055,4332,1079,0,1,54,69,84,53,41,18,10,0,329,0.47,2973,1274,3211,3734,1980,2892,6155,771,8671,0.38,14319,0.62,22990,2155,1412,2343,10974,652,17537,1.3,0,20,11.1,32,13.8,18.1,0.28,80.8,-107.4,-26.6,1.33
TOLIMA,73,ATACO,73067,1471,13187,0,1,56,93,76,37,9,1,0,0,272,0.62,1044,447,1128,1384,1192,1341,2889,523,3695,0.37,6253,0.63,9948,13454,7356,2749,1985,1452,26996,0.4,1,19.2,98.8,11,6.3,5,0.05,159.29,-86.97,72.31,0.55
TOLIMA,73,CAJAMARCA,73124,0,2806,0,0,268,96,71,48,44,8,0,0,535,0.31,1888,809,1912,2573,1765,1877,5225,450,5709,0.35,10790,0.65,16499,1186,4488,3026,198,6978,15876,1,0,85,32.7,19,10.5,8.5,0.08,172.66,-418.14,-245.48,2.42
TOLIMA,73,CARMEN DE APICALA,73148,0,11549,0,0,102,55,42,18,16,3,0,0,236,0.41,842,361,847,1045,806,736,2864,197,2339,0.3,5359,0.7,7698,108,420,563,303,67,1462,5.3,0,0.2,6,10,5.1,5.1,0.45,30.03,-4.25,25.79,0.14
TOLIMA,73,CASABIANCA,73152,679,5094,0,1,213,68,28,14,5,1,0,0,329,0.29,771,330,884,644,472,456,1176,78,1508,0.31,3303,0.69,4811,2849,2464,1781,455,792,8341,0.6,0,4,24.2,5,2.7,2.3,0.09,42.45,-22.47,19.98,0.53
TOLIMA,73,CHAPARRAL,73168,2961,32240,0,1,281,299,210,111,47,1,1,0,950,0.54,3219,1380,2577,2912,3060,4524,7905,1154,9970,0.37,16761,0.63,26731,11785,8099,3163,2874,3072,28993,0.9,0,32.8,82.9,34,16.6,16.9,0.13,258.85,-146.65,112.19,0.57
TOLIMA,73,COELLO,73200,0,1582,274,1,114,84,54,36,18,5,2,0,313,0.44,1919,823,1595,925,1422,779,4257,387,2914,0.24,9193,0.76,12107,650,560,1329,1527,11,4078,3,1,2.7,21.4,16,7.5,8.2,0.23,53.66,-14.77,38.89,0.28
TOLIMA,73,COYAIMA,73217,5896,0,862,1,76,100,42,52,13,1,1,0,285,0.5,1956,839,1457,845,1319,255,4254,315,2254,0.2,8986,0.8,11240,673,2873,1384,1753,224,6907,1.6,0,5.8,69.8,12,6.9,5.1,0.09,124.59,-36.67,87.92,0.29
TOLIMA,73,CUNDAY,73226,4223,13479,0,1,120,140,111,66,23,3,0,0,463,0.54,1861,797,1655,2041,1661,3525,4034,1194,7557,0.45,9211,0.55,16768,2599,1882,2956,238,793,8468,2,0,8.3,25.2,19,10.1,8.8,0.24,67.31,-41.08,26.22,0.61
TOLIMA,73,DOLORES,73236,5702,26937,0,1,206,180,75,29,12,1,1,1,505,0.5,1427,611,857,1118,1903,2332,4616,1007,5068,0.37,8803,0.63,13871,3694,667,2207,17,179,6764,2.1,1,1,58.5,12,9.1,3.2,0.15,83.11,-7.66,75.45,0.09
TOLIMA,73,ESPINAL,73268,0,36,0,0,163,67,37,32,5,0,0,0,304,0.34,911,390,660,242,462,301,1909,78,1011,0.2,3942,0.8,4953,2414,456,3930,26577,134,33510,0.1,0,103.5,50.5,8,3,4.5,0.02,468.63,-448.17,20.46,0.96
TOLIMA,73,FALAN,73270,4627,0,0,1,168,48,38,18,5,2,0,0,279,0.31,633,271,554,701,499,290,1927,110,1372,0.28,3613,0.72,4985,4227,3343,4128,799,396,12893,0.4,0,10.3,21.3,8,3.3,4.6,0.09,56.17,-47.98,8.19,0.85
TOLIMA,73,FLANDES,73275,0,0,0,0,74,34,16,13,7,1,1,0,146,0.34,546,234,572,638,348,502,1512,438,1812,0.38,2978,0.62,4790,681,136,282,1673,33,2805,1.7,0,11.8,11.2,7,3.1,3.5,0.12,74.37,-53.66,20.7,0.72
TOLIMA,73,FRESNO,73283,105,0,0,0,203,104,45,18,7,0,0,0,377,0.4,590,253,1151,1988,728,633,1095,122,2996,0.46,3564,0.54,6560,8261,6001,10620,1876,1164,27923,0.2,0,31.8,51.4,10,3.8,6.3,0.04,147.91,-157.37,-9.47,1.06
TOLIMA,73,GUAMO,73319,0,1575,0,0,303,179,106,82,52,22,1,0,745,0.38,3742,1604,4032,4725,3074,1965,8954,833,9127,0.32,19802,0.68,28929,2210,824,2931,17521,626,24110,1.2,0,97.4,45.2,37,17.9,19.4,0.11,235.05,-422.83,-187.78,1.8
TOLIMA,73,HERVEO,73347,1444,5139,0,1,114,81,54,46,15,0,0,0,310,0.44,1447,620,1245,1320,1042,1111,1956,185,3236,0.36,5690,0.64,8926,1633,2077,1223,441,1421,6795,1.3,0,15.6,69.4,11,4.9,6.2,0.05,111.26,-125.23,-13.96,1.13
TOLIMA,73,HONDA,73349,0,0,0,0,28,23,18,18,21,7,3,2,120,0.34,2059,883,2288,1401,1472,1240,5111,356,3880,0.26,10930,0.74,14810,304,468,667,721,457,2617,5.7,1,0.6,7.4,18,9.3,8.9,0.55,63.09,-5.88,57.21,0.09
TOLIMA,73,IBAGUE,73001,456,18455,4870,1,672,356,183,94,38,12,12,3,1370,0.39,5232,2243,4707,4049,3612,2773,13232,1052,10117,0.27,26783,0.73,36900,12152,5520,5237,11637,5976,40523,0.9,0,96.6,91.3,55,23.4,31.9,0.11,1666.67,-425.99,1240.68,0.26
TOLIMA,73,ICONONZO,73352,0,2870,0,0,231,132,63,25,6,1,0,0,458,0.43,1104,473,904,851,999,1296,1885,768,3388,0.41,4892,0.59,8280,2067,1730,5707,182,1920,11606,0.7,1,10.3,23.8,12,4.8,7.1,0.12,62.61,-47.51,15.1,0.76
TOLIMA,73,LERIDA,73408,4757,0,652,1,61,105,71,37,29,4,1,0,308,0.57,1843,790,1945,1531,1590,983,4340,358,3662,0.27,9718,0.73,13380,2552,656,2270,10167,1497,17142,0.8,0,39,9.6,18,8.3,9.2,0.14,118.56,-172.9,-54.34,1.46
TOLIMA,73,LIBANO,73411,0,0,0,0,225,98,46,19,6,1,0,0,395,0.36,586,251,634,601,747,917,2146,368,2137,0.34,4113,0.66,6250,10216,7208,1470,1430,1381,21706,0.3,0,44.5,48,8,4.2,4.2,0.04,170.06,-221.68,-51.62,1.3
TOLIMA,73,MELGAR,73449,0,9257,0,0,114,54,28,16,5,1,1,0,219,0.37,502,215,557,628,482,959,1712,549,2351,0.42,3253,0.58,5604,896,436,1806,124,280,3542,1.6,1,2.9,21.5,7,3.7,3.3,0.13,190.18,-15.71,174.47,0.08
TOLIMA,73,MURILLO,73461,1215,16725,0,1,82,164,138,64,11,0,0,0,459,0.66,2509,1076,1843,1597,1777,1250,4024,567,4490,0.31,10153,0.69,14643,245,1459,1537,1086,5543,9870,1.5,0,2.8,9.8,16,8.3,7.3,0.42,43.74,-15.48,28.26,0.35
TOLIMA,73,NATAGAIMA,73483,3627,18516,15,1,46,115,85,46,18,0,0,0,310,0.65,2110,904,1524,1254,2479,195,5308,383,2736,0.19,11421,0.81,14157,936,1032,321,4564,330,7184,2,1,11.9,60.3,23,9,14.4,0.1,125.64,-55.59,70.05,0.44
TOLIMA,73,ORTEGA,73504,2478,1387,2764,1,145,204,90,60,26,5,0,0,530,0.55,1573,674,1695,1552,2328,2689,5242,1801,6716,0.38,10838,0.62,17554,6432,1486,1479,3240,228,12865,1.4,0,23.6,68.2,23,11.5,11.1,0.11,173.44,-105.19,68.25,0.61
TOLIMA,73,PALOCABILDO,73520,0,0,0,0,193,36,8,0,0,0,0,0,237,0.19,157,68,338,165,54,43,322,19,295,0.25,871,0.75,1166,3276,3019,2675,302,416,9688,0.1,0,6.3,18.6,2,0.7,1,0.03,40.61,-30.39,10.22,0.75
TOLIMA,73,PIEDRAS,73547,3928,0,10900,1,29,64,42,43,39,16,5,0,238,0.45,2406,1031,2712,1768,1875,1951,7258,685,5435,0.28,14251,0.72,19686,170,770,1557,5961,117,8575,2.3,1,29.5,11,24,12.9,10.9,0.25,90.04,-134.24,-44.19,1.49
TOLIMA,73,PLANADAS,73555,0,30409,0,0,58,97,67,54,24,2,0,0,302,0.54,2008,860,1406,1562,1455,1197,3539,518,4137,0.33,8408,0.67,12545,13720,7974,690,263,1675,24322,0.5,1,96.5,151.7,17,7.3,9.3,0.03,310.83,-423.05,-112.21,1.36
TOLIMA,73,PRADO,73563,2300,11224,0,1,74,96,87,54,29,6,0,0,346,0.53,2137,916,2003,1927,2695,2156,4676,658,5657,0.33,11511,0.67,17168,1696,221,1144,1202,83,4346,4,0,19.9,17.8,23,10.4,12.9,0.21,77.77,-88.96,-11.19,1.14
TOLIMA,73,PURIFICACION,73585,1999,7533,0,1,152,154,75,65,15,2,2,0,465,0.49,2178,933,1547,2181,2422,1183,4295,580,4877,0.32,10442,0.68,15319,746,2472,1755,8134,551,13658,1.1,0,48.6,38.6,17,9.1,7.7,0.1,258.16,-212.74,45.41,0.82
TOLIMA,73,RIOBLANCO,73616,0.5,52843,0,0,90,82,54,27,3,1,0,0,257,0.53,1062,455,1038,1024,568,806,2048,238,2523,0.35,4716,0.65,7239,8407,6536,1540,628,2591,19703,0.4,0,17.4,90.3,10,4.3,6,0.04,153.52,-83.68,69.84,0.55
TOLIMA,73,RONCESVALLES,73622,8018,10787,0,1,94,172,102,39,31,3,2,1,444,0.62,2857,1224,1880,1368,2148,1926,5970,1354,5872,0.31,12855,0.69,18727,337,1247,1014,259,1194,4051,4.6,0,12.8,18.4,21,11.4,9.7,0.28,64.56,-59.91,4.65,0.93
TOLIMA,73,ROVIRA,73624,6,299,0,0,45,81,75,41,12,0,1,0,255,0.61,1110,476,1299,1104,1112,917,2878,336,2833,0.31,6399,0.69,9232,8204,3816,1427,422,1109,14977,0.6,0,7.2,36.6,11,5.8,5.2,0.12,84.59,-40.5,44.09,0.48
TOLIMA,73,SALDANA,73671,0,0,0,0,83,62,47,22,20,3,2,0,239,0.46,1624,696,1180,1061,896,287,3591,265,2309,0.24,7291,0.76,9600,27,162,772,10528,80,11568,0.8,0,29,16.7,12,5.9,6.2,0.11,94.35,-128.09,-33.74,1.36
TOLIMA,73,SAN-ANTONIO,73675,0,223,0,0,191,134,58,22,7,0,0,0,412,0.47,1203,515,1000,1266,876,981,1658,451,3213,0.4,4737,0.6,7950,5002,1168,917,614,2992,10693,0.7,0,20.9,36.2,8,4.4,3.8,0.07,87.4,-93.12,-5.73,1.07
TOLIMA,73,SAN-LUIS,73678,1409,8058,0,1,119,161,113,82,34,7,0,0,516,0.53,2775,1189,3119,2296,2652,1592,6003,644,5721,0.28,14549,0.72,20270,2854,1027,2093,5912,126,12013,1.7,0,15.8,42.5,12.1,12.3,-0.2,0.21,95.6,-71.24,24.35,0.75
TOLIMA,73,SAN SEBASTIAN DE MARIQUITA,73443,793,0,0,1,106,80,45,49,38,12,5,0,335,0.37,1816,778,2287,2487,2083,1330,5726,443,5038,0.3,11912,0.7,16950,4437,3203,7389,926,1490,17446,1,0,4.9,27,1.1,11,-9.9,0.5,132.17,-24.97,107.2,0.19
TOLIMA,73,SANTA ISABEL,73686,235,11447,0,1,138,135,71,17,4,0,0,0,365,0.56,1364,584,1237,806,1052,599,2522,318,2307,0.27,6175,0.73,8482,1282,1454,627,710,2979,7052,1.2,0,5.4,11.4,7,5,2.5,0.26,35.07,-27.51,7.56,0.78
TOLIMA,73,SUAREZ,73770,0,2680,0,0,90,68,38,19,17,4,3,1,240,0.44,1565,671,1446,923,1495,659,4155,686,2939,0.25,8661,0.75,11600,111,578,516,1145,118,2469,4.7,0,3.8,8.7,2.3,7.5,-5.2,1.02,21.56,-19.86,1.71,0.92
TOLIMA,73,VALLE DE SAN JUAN,73854,0,5262,0,0,21,53,35,36,20,3,0,0,168,0.52,1236,530,1541,1176,978,536,2483,216,2458,0.28,6238,0.72,8696,2621,1860,815,6963,84,12343,0.7,0,15.9,9.6,9,5.2,4.2,0.17,44.43,-71.52,-27.09,1.61
TOLIMA,73,VENADILLO,73861,1920,0,3144,1,136,98,45,44,24,5,4,0,356,0.4,1413,605,1540,1611,1202,1050,4010,503,3769,0.32,8165,0.68,11934,1809,3441,2830,6967,4139,19187,0.6,1,29.2,14.6,17,7.7,9.8,0.14,110.29,-131.48,-21.19,1.19
TOLIMA,73,VILLAHERMOSA,73870,104,3252,0,1,187,98,63,44,5,1,0,0,398,0.4,793,340,493,405,559,1083,1461,362,2190,0.4,3306,0.6,5496,4860,4328,1720,1037,1865,13810,0.4,0,16.9,26.6,10,3.2,6.5,0.06,70.39,-75.92,-5.53,1.08
TOLIMA,73,VILLARRICA,73873,22341,0,0,1,187,114,40,17,3,0,0,0,361,0.43,1191,510,1216,1340,1122,1110,2233,490,3450,0.37,5762,0.63,9212,809,1,145,445,300,1700,5.4,1,12.7,17.4,6,5.4,0.8,0.18,45.03,-69.55,-24.52,1.54
